eggnog_A,eggnog_C,eggnog_D,eggnog_E,eggnog_F,eggnog_G,eggnog_H,eggnog_I,eggnog_J,eggnog_K,eggnog_L,eggnog_M,eggnog_N,eggnog_NH,eggnog_O,eggnog_P,eggnog_Q,eggnog_S,eggnog_T,eggnog_U,eggnog_V,eggnog_eggnog_mixed,all_acc_COGs,eggnog_mixed
,group_238,yoeB,argG,deoD_1,mro,group_411,oatA,group_832,group_1173,group_54,group_296,strH_2,group_1177,ydcP,group_1195,sttH,group_1,yehU,group_1242,group_1176,,group_1,artP_1
,egsA,divIVA,group_234,fhs1,pfbA,group_415,group_168,kcsA,slyA_1,group_30,lnpD_1,group_428,group_1172,trxA_2,group_545,group_1216,group_1171,citS,group_655,macB_1,,group_1171,comC
,trxB_2,group_1241,group_236,mutX_1,group_1191,dhfR,group_511,group_256,group_299,dpnC,menH,,group_544,tsaB,group_1200,axeA,group_1174,agrA_1,group_1402,lolD,,group_54,nagC
,adhB,gpsB,group_424,group_642,group_549,pdxT,group_1112,group_1284,group_300,repN,group_857,,group_1204,group_944,group_1201,group_1323,group_532,walK_2,group_1024,group_123,,group_1173,group_1237
,ald,group_894,leuA,rizA,group_770,thiM_1,group_2061,rpsZ,kstR2,group_1210,yodJ,,group_1211,group_166,dps,group_364,group_1175,apaH,secY2,lmrA_2,,group_1174,group_324
,group_683,group_500,group_245,group_1080,licC_2,thiF,group_2221,group_1342,degA_1,group_1209,lcnD_2,,capA_1,group_316,efeN,menG,group_534,group_1411,secA_1,lmrA,,group_532,glnH_2
,sstT,group_277,group_433,mutX_2,celA_1,group_1338,,group_919,acpA_2,group_1219,group_340,,group_1236,nisP,group_430,group_1073,ricR,group_456,group_1081,yxdL_1,,group_1175,pabB
,group_1504,cpsD,mgl,queC,yesO_1,group_1337,,rlmN,group_1228,group_87,gspA_1,,group_136,group_317,glnM_2,group_721,group_744,mutL_2,group_1594,natA_2,,group_1177,group_1273
,group_633,group_1621,glnQ_3,group_525,sacA,group_1384,,group_1060,group_1235,group_419,ponA,,group_328,prtP_1,tcyB,group_1640,catE,desK,group_1732,group_594,,group_1172,nagC_1
,gutB,group_1634,group_604,group_2007,queF,hemH,,ydaF_1,yjaB,group_88,group_2428,,group_196,group_1916,group_1250,group_1648,group_1179,group_401,group_1752,group_593,,group_534,group_895
,group_1919,group_1657,sarA_2,group_2067,treP,fpgS_1,,group_1470,group_1260,group_111,rmlB,,group_1245,group_2056,glnP_1,ebh,group_755,iphP,group_1753,group_337,,mro,agrA_2
,group_1143,ftsK_1,group_349,group_2327,tabA_2,sulA,,group_1079,group_1261,fokIM,rmlA,,moeB,ftsH4,group_891,group_1954,group_231,group_1672,group_1758,group_1340,,ricR,ltrA
,trxB_1,spaP_1,cysK,,nanA_1,ygfA,,metG_2,group_1263,group_1240,rmlD,,group_1249,group_319,group_354,group_2087,group_298,group_1769,group_1782,msbA,,group_744,group_270
,group_2159,spaP_2,group_1378,,gatA_2,group_1613,,tetM,group_603,group_44,spsI,,group_1257,grpE_2,group_146,group_2286,group_1180,group_1881,group_1886,group_1385,,catE,relA_2
,group_2329,soj,arcB,,group_839,group_1650,,group_1836,mtlR,group_1262,tagF,,group_850,dnaK_2,group_282,,group_1181,baeS,group_1887,group_216,,group_1179,resA
,group_2402,ssp5,arcA,,lacE_2,group_1762,,group_1955,ywtF,group_174,group_1307,,group_1259,group_2382,group_1407,,group_1183,group_1138,group_1899,group_1003,,deoD_1,group_1419
,ntpC,fic_2,arcC1,,group_194,moeZ_2,,pnp_2,ygaV,group_448,group_893,,group_195,,fepD_2,,group_758,group_2080,group_1903,mepA,,group_755,glgC
,ntpG,group_501,group_1398,,group_860,group_1130,,aphA4,group_1335,Int-Tn_1,group_1308,,group_1277,,yfhA,,group_1182,serB_1,group_1961,yxlF_3,,group_231,yusV
,ntpA,group_2438,ald2,,group_600,group_2033,,group_2065,group_1341,group_175,group_1305,,group_1282,,yfmC,,group_1188,group_2227,group_1969,group_222,,group_298,group_1472
,ntpB,group_526,group_389,,group_615,group_2083,,erm,group_1345,uvrB_1,pbpX_1,,group_879,,sugC_1,,group_1189,group_2323,ftsY,yknY_2,,group_1180,tcyA_2
,ntpD,,artM_1,,lacF_1,group_2129,,group_2125,group_1352,group_179,ugd_1,,group_1291,,ecfT_3,,group_767,,spsB_2,group_1421,,group_1176,group_1490
,atpE_1,,group_237,,licC_3,group_2168,,,group_1353,group_180,ugd,,group_1306,,yteP_2,,group_76,,group_2135,group_1422,,group_1181,cpsB
,ntpK,,sarA_3,,lacG_1,group_2271,,,group_925,group_611,group_266,,group_1322,,ycjP_2,,group_1193,,,group_288,,group_1183,group_1540
,,,thrC,,mtlF,nanA_3,,,group_930,group_99,bshA,,group_1325,,group_618,,pkn1,,,group_289,,group_758,spoT
,,,group_1593,,mtlD,,,,group_468,group_117,group_1448,,group_352,,group_1717,,group_1196,,,group_1427,,group_296,leuB_2
,,,leuD,,mtlA,,,,rimI,group_47,wbbI,,group_1351,,group_1725,,group_1197,,,yxlF_2,,argG,group_1678
,,,leuA_1,,group_258,,,,phoB,hsdS_1,group_1455,,group_931,,group_353,,group_1202,,,lagD_4,,group_30,group_1741
,,,metZ,,nagD,,,,srlR_2,hsdS,gtf2_2,,group_938,,group_1895,,group_1203,,,nisC,,group_1182,group_1763
,,,pepE,,group_1304,,,,group_950,group_129,gtf2_3,,group_1361,,modB,,sftA,,,lagD_1,,slyA_1,group_1766
,,,group_1623,,group_1310,,,,group_953,group_89,epsJ_3,,group_1367,,malK_1,,group_1206,,,irtA,,dpnC,group_1833
,,,group_1625,,lacF_5,,,,group_1403,group_421,epsH_1,,iga_2,,group_2069,,group_551,,,ndvA,,artP_1,group_1839
,,,group_1626,,licR_1,,,,group_985,group_461,epsH_2,,intQ,,group_2071,,group_307,,,group_224,,group_1188,group_1860
,,,group_1631,,group_1314,,,,group_495,group_343,group_391,,group_1391,,group_2082,,group_306,,,group_679,,group_234,group_271
,,,patB_1,,group_628,,,,group_381,group_1298,gtf1,,group_1394,,potA_2,,group_1208,,,group_1508,,group_236,group_669
,,,group_1818,,bglA,,,,group_383,group_896,group_706,,group_1395,,glpE_2,,group_1212,,,group_1511,,group_1189,group_2008
,,,dnaG_1,,rhaB,,,,group_1415,group_627,group_1491,,group_1397,,spxA_3,,rsfS,,,yxlF,,group_299,group_403
,,,group_235,,fucU,,,,slyA_2,group_1320,ywqC,,group_1399,,group_2235,,group_1213,,,group_1539,,group_300,group_2081
,,,group_1965,,fucA,,,,group_1020,group_1329,epsL,,group_1393,,group_148,,group_777,,,group_582,,kstR2,group_402
,,,group_2015,,levE_1,,,,immR,group_1336,tagA,,group_1417,,group_2333,,group_776,,,cat,,pfbA,group_2233
,,,group_2123,,fucI,,,,group_684,group_634,group_1530,,group_1429,,araQ_5,,group_1217,,,group_1646,,group_544,group_742
,,,argH,,manX_3,,,,pezA,Int-Tn_3,mnaA,,bcgIB,,spxA_4,,group_780,,,group_1666,,macB_1,group_2328
,,,ptrB,,group_646,,,,group_1028,group_932,glf_3,,group_5,,sugB,,group_51,,,group_1779,,group_767,group_2360
,,,,,glgB,,,,bltD,group_933,rfbC,,group_27,,araP,,group_412,,,yadH,,group_76,group_2387
,,,,,group_1068,,,,group_1437,group_201,glf_1,,group_14,,,,group_83,,,group_1805,,group_1191,group_2400
,,,,,fucI_2,,,,group_2694,group_112,glf_2,,group_1453,,,,group_784,,,group_1897,,comC,group_2440
,,,,,ykoD_3,,,,group_1468,group_162,group_518,,group_1454,,,,group_1222,,,group_564,,lnpD_1,group_2448
,,,,,bbmA_1,,,,group_700,group_53,group_1609,,asp2,,,,group_240,,,group_1929,,nagC,
,,,,,lipO,,,,group_704,group_55,group_1622,,group_1469,,,,group_1224,,,yxlF_1,,group_549,
,,,,,group_548,,,,soxS,group_128,glf,,group_699,,,,group_1221,,,group_1956,,group_1193,
,,,,,group_629,,,,mta,group_1387,pbpX,,group_1075,,,,group_414,,,hsdM_1,,group_770,
,,,,,group_728,,,,group_1084,group_3064,group_1633,,group_1483,,,,group_565,,,group_497,,licC_2,
,,,,,group_556,,,,group_385,group_274,iap,,group_1475,,,,group_114,,,group_125,,group_1195,
,,,,,group_1639,,,,group_286,group_102,group_1867,,group_1489,,,,group_1226,,,group_2020,,pkn1,
,,,,,group_1641,,,,group_2693,group_56,smc_1,,group_1500,,,,group_1229,,,group_2051,,celA_1,
,,,,,group_1761,,,,rbsR,group_255,iga_7,,group_135,,,,group_82,,,group_1144,,group_1196,
,,,,,gatC_2,,,,group_1522,group_131,group_2023,,group_1503,,,,group_1091,,,natA_5,,group_1197,
,,,,,group_1842,,,,lexA,group_376,group_2024,,group_1513,,,,group_1230,,,group_336,,group_545,
,,,,,dhaQ,,,,group_1550,group_280,group_2025,,group_708,,,,group_1231,,,group_335,,degA_1,
,,,,,dhaK,,,,xre,group_41,group_2028,,group_1517,,,,group_133,,,group_595,,yesO_1,
,,,,,group_1868,,,,group_1632,group_31,group_2031,,group_1527,,,,group_171,,,drrA,,sacA,
,,,,,group_1869,,,,group_1679,pinR,hasB,,group_228,,,,yvgN,,,hlyB,,group_1202,
,,,,,group_1871,,,,group_1680,group_159,group_2058,,group_263,,,,group_1234,,,group_126,,group_1203,
,,,,,group_368,,,,group_1116,group_8,group_2060,,group_262,,,,group_573,,,group_223,,group_1204,
,,,,,group_367,,,,group_1122,group_6,epsH,,group_1092,,,,group_547,,,group_338,,group_1200,
,,,,,gmuD_3,,,,group_1743,group_3065,group_2124,,group_372,,,,group_580,,,ltxB,,sftA,
,,,,,malI,,,,group_1744,group_96,group_2136,,group_1546,,,,group_1619,,,group_2339,,group_1201,
,,,,,ptsN,,,,group_1748,group_1450,group_2153,,group_1547,,,,group_586,,,group_2388,,repN,
,,,,,mngA,,,,sdpR,group_26,group_2158,,group_1548,,,,group_249,,,group_2414,,group_1206,
,,,,,manR,,,,immR_1,group_275,group_2155,,group_1553,,,,group_61,,,yknY_3,,group_551,
,,,,,fruA_1,,,,pezA_1,group_25,group_2162,,group_1555,,,,group_437,,,group_733,,group_1211,
,,,,,alsE,,,,fic_1,group_32,group_2160,,group_1554,,,,group_591,,,,,group_1210,
,,,,,group_2118,,,,group_1837,group_2,group_2174,,group_1556,,,,group_442,,,,,group_307,
,,,,,manP,,,,group_1840,dnaI,gspA,,group_1558,,,,group_1246,,,,,group_1209,
,,,,,group_3423,,,,dhaS,group_33,group_392,,group_1559,,,,group_847,,,,,group_306,
,,,,,group_185,,,,group_1857,group_314,group_291,,group_1562,,,,group_597,,,,,group_1208,
,,,,,bbmA_2,,,,group_1875,group_1072,epsJ_2,,group_1093,,,,group_1247,,,,,group_1212,
,,,,,group_2156,,,,group_1914,group_399,group_2212,,group_1094,,,,group_1248,,,,,group_238,
,,,,,yutF_1,,,,group_384,group_163,group_2214,,group_1565,,,,group_848,,,,,group_411,
,,,,,group_602,,,,group_1942,group_1076,group_2220,,group_1557,,,,group_1251,,,,,rsfS,
,,,,,glcA,,,,group_1972,group_1486,group_2223,,group_718,,,,group_1252,,,,,sttH,
,,,,,group_259,,,,group_1995,group_183,group_2228,,group_1571,,,,group_1253,,,,,group_1213,
,,,,,group_2244,,,,group_1941,group_273,group_2229,,group_1572,,,,group_849,,,,,group_777,
,,,,,group_188,,,,group_2001,group_43,epsJ_5,,group_1579,,,,group_1255,,,,,group_776,
,,,,,group_2326,,,,group_2019,group_191,epsJ_4,,group_1580,,,,group_1256,,,,,yoeB,
,,,,,group_2330,,,,group_1127,group_1501,gspA_2,,group_720,,,,group_1258,,,,,group_1217,
,,,,,group_2334,,,,group_2029,group_110,gspA_3,,group_1590,,,,group_1254,,,,,queF,
,,,,,nanE_2,,,,group_2035,group_1499,epsJ_1,,group_1549,,,,group_1264,,,,,treP,
,,,,,group_2397,,,,group_2041,group_272,group_267,,group_522,,,,group_852,,,,,group_780,
,,,,,nanB_2,,,,group_2042,rppH,iga_3,,group_1617,,,,group_1266,,,,,group_51,
,,,,,lacE_1,,,,group_2043,group_97,iga_4,,group_1618,,,,group_858,,,,,group_1216,
,,,,,agaSK_2,,,,slyA,group_16,group_2433,,group_229,,,,group_1268,,,,,group_412,
,,,,,group_2456,,,,group_2066,group_1085,group_2436,,group_1627,,,,group_1269,,,,,group_83,
,,,,,group_2457,,,,group_386,xerC_2,group_2432,,group_348,,,,group_1270,,,,,axeA,
,,,,,group_2453,,,,group_2085,group_1526,group_2437,,group_1612,,,,group_1267,,,,,group_784,
,,,,,group_538,,,,group_2104,group_3066,epsD,,group_1662,,,,group_330,,,,,group_1219,
,,,,,group_2461,,,,group_2103,group_93,group_2439,,group_1658,,,,group_254,,,,,tabA_2,
,,,,,msmE_2,,,,fic,group_94,group_2444,,group_1676,,,,group_1274,,,,,group_1222,
,,,,,glxK_2,,,,group_2146,group_119,group_2445,,group_1684,,,,group_1275,,,,,divIVA,
,,,,,,,,,levS,rapA_2,,,group_1683,,,,group_871,,,,,group_240,
,,,,,,,,,group_2166,group_1543,,,group_1686,,,,group_454,,,,,group_1224,
,,,,,,,,,group_2170,dnaC_2,,,group_730,,,,group_612,,,,,group_1221,
,,,,,,,,,group_2695,group_1095,,,group_1687,,,,natA_4,,,,,nanA_1,
,,,,,,,,,group_2194,yhdJ_2,,,group_1115,,,,group_872,,,,,group_414,
,,,,,,,,,group_2204,group_1574,,,group_1692,,,,group_613,,,,,group_565,
,,,,,,,,,group_2266,group_276,,,group_1697,,,,group_1276,,,,,group_415,
,,,,,,,,,lexA_1,group_9,,,group_1698,,,,group_66,,,,,group_114,
,,,,,,,,,group_2253,group_17,,,group_1700,,,,group_1278,,,,,group_87,
,,,,,,,,,group_2297,group_39,,,group_1685,,,,lagD_3,,,,,group_419,
,,,,,,,,,lexA_2,group_1596,,,group_1703,,,,lafA,,,,,dps,
,,,,,,,,,group_2309,group_1600,,,group_1705,,,,group_1279,,,,,group_88,
,,,,,,,,,group_380,group_1608,,,group_1707,,,,group_1281,,,,,dhfR,
,,,,,,,,,ybbH_2,group_161,,,group_1709,,,,group_1283,,,,,group_1226,
,,,,,,,,,group_2342,xerC_3,,,group_519,,,,group_1285,,,,,acpA_2,
,,,,,,,,,group_2350,group_344,,,group_1719,,,,group_1288,,,,,group_1229,
,,,,,,,,,group_2355,group_404,,,group_1724,,,,group_880,,,,,lolD,
,,,,,,,,,group_2379,group_34,,,group_1736,,,,group_1292,,,,,group_1228,
,,,,,,,,,group_2381,group_405,,,group_1757,,,,group_619,,,,,group_123,
,,,,,,,,,group_2385,group_113,,,group_1760,,,,group_115,,,,,group_424,
,,,,,,,,,rpiR,group_1109,,,group_1764,,,,group_261,,,,,group_82,
,,,,,,,,,group_2411,group_130,,,group_1784,,,,group_1295,,,,,group_1091,
,,,,,,,,,panM,hsdR_1,,,group_1793,,,,group_198,,,,,group_1230,
,,,,,,,,,group_2449,group_1645,,,group_1794,,,,group_1303,,,,,group_1231,
,,,,,,,,,,group_1654,,,group_1795,,,,ltrA_1,,,,,group_133,
,,,,,,,,,,group_1663,,,group_398,,,,group_346,,,,,group_171,
,,,,,,,,,,group_1664,,,group_1811,,,,group_625,,,,,group_111,
,,,,,,,,,,group_46,,,group_21,,,,group_1309,,,,,pdxT,
,,,,,,,,,,xerD,,,group_1834,,,,hepC,,,,,yvgN,
,,,,,,,,,,group_1699,,,group_1835,,,,group_345,,,,,group_1234,
,,,,,,,,,,group_1702,,,group_1838,,,,group_1311,,,,,capA_1,
,,,,,,,,,,hhaIM,,,group_1863,,,,group_1315,,,,,lmrA_2,
,,,,,,,,,,group_38,,,group_1866,,,,group_1317,,,,,lmrA,
,,,,,,,,,,hpaIIM,,,group_1870,,,,group_1319,,,,,ydcP,
,,,,,,,,,,Int-Tn_2,,,group_1128,,,,group_1321,,,,,group_1236,
,,,,,,,,,,group_1774,,,group_1872,,,,group_1318,,,,,group_573,
,,,,,,,,,,haeIIIM,,,group_1876,,,,group_1330,,,,,group_547,
,,,,,,,,,,group_1803,,,group_1883,,,,group_1331,,,,,group_1235,
,,,,,,,,,,group_23,,,group_1884,,,,group_1333,,,,,group_1237,
,,,,,,,,,,group_22,,,group_735,,,,group_1332,,,,,group_136,
,,,,,,,,,,group_375,,,group_1912,,,,group_1339,,,,,yxdL_1,
,,,,,,,,,,group_394,,,group_1918,,,,group_1334,,,,,efeN,
,,,,,,,,,,group_1809,,,iga_5,,,,group_1344,,,,,fokIM,
,,,,,,,,,,group_1808,,,iga_6,,,,group_1343,,,,,natA_2,
,,,,,,,,,,group_1810,,,group_1932,,,,group_1346,,,,,group_1240,
,,,,,,,,,,group_1813,,,group_1933,,,,group_1347,,,,,group_1241,
,,,,,,,,,,group_1814,,,group_443,,,,group_921,,,,,group_580,
,,,,,,,,,,group_1815,,,group_1943,,,,group_923,,,,,leuA,
,,,,,,,,,,group_24,,,group_1131,,,,group_922,,,,,group_245,
,,,,,,,,,,group_13,,,group_1133,,,,group_1349,,,,,group_1242,
,,,,,,,,,,group_313,,,group_1134,,,,group_1350,,,,,group_832,
,,,,,,,,,,group_395,,,group_1952,,,,group_924,,,,,group_324,
,,,,,,,,,,cshE,,,group_1958,,,,group_1348,,,,,fhs1,
,,,,,,,,,,group_45,,,group_1962,,,,group_928,,,,,mutX_1,
,,,,,,,,,,xerC_4,,,group_1967,,,,group_929,,,,,group_430,
,,,,,,,,,,group_176,,,group_1963,,,,group_1355,,,,,group_433,
,,,,,,,,,,hpaIIM_2,,,group_521,,,,group_1354,,,,,mgl,
,,,,,,,,,,group_1905,,,group_333,,,,btrD,,,,,kcsA,
,,,,,,,,,,group_108,,,group_2000,,,,group_638,,,,,yjaB,
,,,,,,,,,,group_137,,,group_2006,,,,group_1357,,,,,gatA_2,
,,,,,,,,,,group_312,,,group_350,,,,wfgD,,,,,group_1619,
,,,,,,,,,,dpnB,,,group_2022,,,,group_936,,,,,group_839,
,,,,,,,,,,dpnA_2,,,group_2040,,,,group_643,,,,,group_44,
,,,,,,,,,,dpnM,,,group_2052,,,,group_1358,,,,,group_586,
,,,,,,,,,,group_1937,,,group_2053,,,,group_152,,,,,lacE_2,
,,,,,,,,,,group_1936,,,group_1140,,,,group_1359,,,,,group_249,
,,,,,,,,,,group_444,,,group_2089,,,,group_472,,,,,group_328,
,,,,,,,,,,group_1906,,,group_2091,,,,group_1360,,,,,thiM_1,
,,,,,,,,,,group_281,,,group_2093,,,,group_362,,,,,group_61,
,,,,,,,,,,xerC_5,,,group_2097,,,,group_937,,,,,glnM_2,
,,,,,,,,,,group_158,,,group_2098,,,,group_154,,,,,group_196,
,,,,,,,,,,group_1977,,,group_2099,,,,comC1,,,,,group_194,
,,,,,,,,,,group_100,,,group_2102,,,,group_942,,,,,group_437,
,,,,,,,,,,uvrB_2,,,group_2108,,,,group_360,,,,,group_591,
,,,,,,,,,,recF_2,,,group_2107,,,,group_644,,,,,tcyB,
,,,,,,,,,,group_1983,,,group_2120,,,,group_1366,,,,,group_594,
,,,,,,,,,,xerD_2,,,group_4,,,,group_269,,,,,glnH_2,
,,,,,,,,,,group_40,,,group_12,,,,group_1373,,,,,group_1245,
,,,,,,,,,,group_1991,,,group_2142,,,,manZ_3,,,,,moeB,
,,,,,,,,,,group_1999,,,group_723,,,,group_1375,,,,,thiF,
,,,,,,,,,,ecfA1_2,,,group_2148,,,,eabC,,,,,group_442,
,,,,,,,,,,group_2016,,,group_36,,,,sdrD,,,,,group_1246,
,,,,,,,,,,group_397,,,group_2154,,,,group_1379,,,,,group_847,
,,,,,,,,,,ltrA_2,,,group_29,,,,group_215,,,,,group_597,
,,,,,,,,,,group_396,,,group_326,,,,group_68,,,,,group_1247,
,,,,,,,,,,group_202,,,group_2180,,,,group_85,,,,,group_1248,
,,,,,,,,,,group_18,,,group_2184,,,,group_478,,,,,group_848,
,,,,,,,,,,group_19,,,group_2186,,,,group_649,,,,,group_1249,
,,,,,,,,,,group_2030,,,group_2187,,,,group_79,,,,,group_1250,
,,,,,,,,,,group_1139,,,group_2188,,,,lytB_6,,,,,group_1251,
,,,,,,,,,,group_636,,,group_2191,,,,group_650,,,,,group_1252,
,,,,,,,,,,group_49,,,group_2192,,,,group_80,,,,,glnQ_3,
,,,,,,,,,,group_2078,,,group_1147,,,,group_957,,,,,group_1253,
,,,,,,,,,,group_107,,,group_1148,,,,group_1383,,,,,group_849,
,,,,,,,,,,group_200,,,group_2195,,,,group_268,,,,,group_1255,
,,,,,,,,,,group_20,,,group_2181,,,,group_1386,,,,,group_1256,
,,,,,,,,,,group_2109,,,group_1158,,,,group_1388,,,,,group_1257,
,,,,,,,,,,group_2119,,,group_2232,,,,group_963,,,,,group_593,
,,,,,,,,,,group_98,,,group_1162,,,,group_1389,,,,,group_1258,
,,,,,,,,,,group_3,,,group_719,,,,group_1390,,,,,group_850,
,,,,,,,,,,group_109,,,group_2260,,,,group_1392,,,,,group_1260,
,,,,,,,,,,group_2137,,,group_1163,,,,group_1396,,,,,group_1259,
,,,,,,,,,,group_35,,,group_2262,,,,group_964,,,,,group_1262,
,,,,,,,,,,group_173,,,group_2265,,,,group_481,,,,,group_1261,
,,,,,,,,,,group_190,,,group_2272,,,,group_1401,,,,,group_1254,
,,,,,,,,,,group_37,,,group_2280,,,,group_120,,,,,group_1263,
,,,,,,,,,,group_28,,,group_2284,,,,group_980,,,,,group_1264,
,,,,,,,,,,group_106,,,group_2289,,,,group_278,,,,,menH,
,,,,,,,,,,group_101,,,group_2290,,,,comEC,,,,,pabB,
,,,,,,,,,,group_420,,,group_2291,,,,group_976,,,,,group_852,
,,,,,,,,,,group_95,,,group_2292,,,,group_587,,,,,group_857,
,,,,,,,,,,group_2182,,,group_2293,,,,group_663,,,,,group_1266,
,,,,,,,,,,group_315,,,group_2294,,,,group_1404,,,,,group_858,
,,,,,,,,,,group_103,,,group_2295,,,,lytB_3,,,,,yehU,
,,,,,,,,,,group_104,,,group_2298,,,,group_1406,,,,,group_174,
,,,,,,,,,,group_2209,,,group_2302,,,,group_995,,,,,group_448,
,,,,,,,,,,group_2217,,,group_2303,,,,group_283,,,,,Int-Tn_1,
,,,,,,,,,,group_92,,,group_2305,,,,group_1408,,,,,group_860,
,,,,,,,,,,group_2251,,,group_2299,,,,group_1409,,,,,group_600,
,,,,,,,,,,dnaC_1,,,group_2307,,,,group_671,,,,,group_195,
,,,,,,,,,,Int-Tn,,,group_2319,,,,group_84,,,,,group_1268,
,,,,,,,,,,group_1166,,,group_2331,,,,group_517,,,,,group_603,
,,,,,,,,,,hin,,,group_2336,,,,group_308,,,,,group_1269,
,,,,,,,,,,group_2314,,,group_1159,,,,group_1005,,,,,group_1270,
,,,,,,,,,,dnaC_3,,,group_743,,,,group_1412,,,,,group_604,
,,,,,,,,,,group_2218,,,group_2344,,,,group_1009,,,,,group_1267,
,,,,,,,,,,group_157,,,group_2354,,,,group_676,,,,,group_175,
,,,,,,,,,,group_2363,,,group_2353,,,,group_677,,,,,yodJ,
,,,,,,,,,,group_2391,,,group_2362,,,,group_1413,,,,,group_330,
,,,,,,,,,,group_2390,,,group_2365,,,,group_1013,,,,,group_1273,
,,,,,,,,,,group_2413,,,group_2373,,,,group_65,,,,,group_254,
,,,,,,,,,,group_7,,,group_2357,,,,group_680,,,,,uvrB_1,
,,,,,,,,,,group_156,,,group_2378,,,,group_1414,,,,,group_179,
,,,,,,,,,,group_42,,,group_2389,,,,group_1416,,,,,group_180,
,,,,,,,,,,group_203,,,group_1160,,,,group_496,,,,,group_611,
,,,,,,,,,,group_91,,,group_351,,,,recX,,,,,glnP_1,
,,,,,,,,,,group_181,,,group_2418,,,,group_57,,,,,group_1274,
,,,,,,,,,,group_90,,,group_2447,,,,group_1424,,,,,group_99,
,,,,,,,,,,group_182,,,group_440,,,,group_1425,,,,,group_117,
,,,,,,,,,,group_2468,,,group_2452,,,,group_1426,,,,,group_1275,
,,,,,,,,,,bspRIM,,,group_2465,,,,group_1428,,,,,group_871,
,,,,,,,,,,group_2476,,,group_2473,,,,group_1431,,,,,group_454,
,,,,,,,,,,group_10,,,group_2474,,,,pezT,,,,,group_612,
,,,,,,,,,,group_2480,,,group_2479,,,,group_1432,,,,,natA_4,
,,,,,,,,,,group_105,,,,,,,group_685,,,,,group_872,
,,,,,,,,,,group_11,,,,,,,xylH,,,,,group_613,
,,,,,,,,,,,,,,,,,group_1439,,,,,group_256,
,,,,,,,,,,,,,,,,,group_1441,,,,,group_47,
,,,,,,,,,,,,,,,,,group_204,,,,,group_1276,
,,,,,,,,,,,,,,,,,group_1443,,,,,group_66,
,,,,,,,,,,,,,,,,,group_1442,,,,,group_1278,
,,,,,,,,,,,,,,,,,group_1444,,,,,group_1277,
,,,,,,,,,,,,,,,,,group_1447,,,,,lcnD_2,
,,,,,,,,,,,,,,,,,dhaM,,,,,lagD_3,
,,,,,,,,,,,,,,,,,dhaM_2,,,,,lafA,
,,,,,,,,,,,,,,,,,group_226,,,,,group_340,
,,,,,,,,,,,,,,,,,group_169,,,,,citS,
,,,,,,,,,,,,,,,,,group_689,,,,,group_1279,
,,,,,,,,,,,,,,,,,group_141,,,,,group_1281,
,,,,,,,,,,,,,,,,,group_118,,,,,group_1282,
,,,,,,,,,,,,,,,,,group_1449,,,,,group_1283,
,,,,,,,,,,,,,,,,,group_1451,,,,,agrA_1,
,,,,,,,,,,,,,,,,,group_1452,,,,,hsdS_1,
,,,,,,,,,,,,,,,,,group_15,,,,,hsdS,
,,,,,,,,,,,,,,,,,gtf2_1,,,,,group_1284,
,,,,,,,,,,,,,,,,,group_1458,,,,,group_1285,
,,,,,,,,,,,,,,,,,asp3,,,,,group_337,
,,,,,,,,,,,,,,,,,group_1463,,,,,group_615,
,,,,,,,,,,,,,,,,,gtf2_4,,,,,lacF_1,
,,,,,,,,,,,,,,,,,group_1464,,,,,group_1288,
,,,,,,,,,,,,,,,,,group_1465,,,,,licC_3,
,,,,,,,,,,,,,,,,,group_696,,,,,group_879,
,,,,,,,,,,,,,,,,,group_1466,,,,,nagC_1,
,,,,,,,,,,,,,,,,,group_697,,,,,lacG_1,
,,,,,,,,,,,,,,,,,group_1467,,,,,group_1291,
,,,,,,,,,,,,,,,,,group_301,,,,,group_880,
,,,,,,,,,,,,,,,,,nisB,,,,,group_1292,
,,,,,,,,,,,,,,,,,toxA,,,,,gspA_1,
,,,,,,,,,,,,,,,,,group_363,,,,,group_619,
,,,,,,,,,,,,,,,,,group_515,,,,,group_129,
,,,,,,,,,,,,,,,,,group_1071,,,,,mtlF,
,,,,,,,,,,,,,,,,,group_393,,,,,mtlD,
,,,,,,,,,,,,,,,,,group_81,,,,,mtlA,
,,,,,,,,,,,,,,,,,group_1477,,,,,group_115,
,,,,,,,,,,,,,,,,,group_143,,,,,mtlR,
,,,,,,,,,,,,,,,,,bag,,,,,group_261,
,,,,,,,,,,,,,,,,,group_1478,,,,,group_89,
,,,,,,,,,,,,,,,,,group_1480,,,,,group_421,
,,,,,,,,,,,,,,,,,group_75,,,,,group_258,
,,,,,,,,,,,,,,,,,inhA,,,,,group_1295,
,,,,,,,,,,,,,,,,,group_1482,,,,,gpsB,
,,,,,,,,,,,,,,,,,group_1479,,,,,ponA,
,,,,,,,,,,,,,,,,,group_1077,,,,,group_891,
,,,,,,,,,,,,,,,,,group_1484,,,,,group_461,
,,,,,,,,,,,,,,,,,group_702,,,,,sarA_2,
,,,,,,,,,,,,,,,,,group_1078,,,,,group_198,
,,,,,,,,,,,,,,,,,group_703,,,,,group_343,
,,,,,,,,,,,,,,,,,group_302,,,,,group_2428,
,,,,,,,,,,,,,,,,,group_1485,,,,,rmlB,
,,,,,,,,,,,,,,,,,group_1488,,,,,group_1298,
,,,,,,,,,,,,,,,,,group_1494,,,,,rmlA,
,,,,,,,,,,,,,,,,,lytB_4,,,,,rmlD,
,,,,,,,,,,,,,,,,,group_63,,,,,nagD,
,,,,,,,,,,,,,,,,,group_279,,,,,spsI,
,,,,,,,,,,,,,,,,,group_1498,,,,,tagF,
,,,,,,,,,,,,,,,,,group_192,,,,,group_1304,
,,,,,,,,,,,,,,,,,group_1502,,,,,group_1306,
,,,,,,,,,,,,,,,,,group_227,,,,,group_1303,
,,,,,,,,,,,,,,,,,group_138,,,,,group_1307,
,,,,,,,,,,,,,,,,,group_1505,,,,,egsA,
,,,,,,,,,,,,,,,,,group_1086,,,,,group_893,
,,,,,,,,,,,,,,,,,group_1506,,,,,group_1308,
,,,,,,,,,,,,,,,,,group_1507,,,,,group_895,
,,,,,,,,,,,,,,,,,group_1509,,,,,group_1305,
,,,,,,,,,,,,,,,,,group_1514,,,,,group_896,
,,,,,,,,,,,,,,,,,group_1510,,,,,ltrA_1,
,,,,,,,,,,,,,,,,,group_1516,,,,,group_894,
,,,,,,,,,,,,,,,,,group_709,,,,,ywtF,
,,,,,,,,,,,,,,,,,group_1087,,,,,group_346,
,,,,,,,,,,,,,,,,,group_711,,,,,group_625,
,,,,,,,,,,,,,,,,,group_712,,,,,group_1309,
,,,,,,,,,,,,,,,,,lsrC,,,,,hepC,
,,,,,,,,,,,,,,,,,group_713,,,,,group_627,
,,,,,,,,,,,,,,,,,group_1528,,,,,group_345,
,,,,,,,,,,,,,,,,,group_1533,,,,,group_1310,
,,,,,,,,,,,,,,,,,group_1531,,,,,group_1311,
,,,,,,,,,,,,,,,,,group_1532,,,,,lacF_5,
,,,,,,,,,,,,,,,,,cmpC,,,,,licR_1,
,,,,,,,,,,,,,,,,,group_1537,,,,,group_1314,
,,,,,,,,,,,,,,,,,lytA_1,,,,,group_628,
,,,,,,,,,,,,,,,,,group_1090,,,,,bglA,
,,,,,,,,,,,,,,,,,group_1538,,,,,group_1315,
,,,,,,,,,,,,,,,,,group_717,,,,,pbpX_1,
,,,,,,,,,,,,,,,,,group_1544,,,,,group_1317,
,,,,,,,,,,,,,,,,,dnaD_2,,,,,group_1319,
,,,,,,,,,,,,,,,,,group_1560,,,,,group_1321,
,,,,,,,,,,,,,,,,,group_1561,,,,,group_1322,
,,,,,,,,,,,,,,,,,group_1563,,,,,group_1320,
,,,,,,,,,,,,,,,,,group_1567,,,,,rpsZ,
,,,,,,,,,,,,,,,,,group_1568,,,,,group_1323,
,,,,,,,,,,,,,,,,,group_1569,,,,,group_1325,
,,,,,,,,,,,,,,,,,group_1570,,,,,group_1318,
,,,,,,,,,,,,,,,,,group_1573,,,,,trxB_2,
,,,,,,,,,,,,,,,,,group_1575,,,,,trxA_2,
,,,,,,,,,,,,,,,,,group_1576,,,,,group_1330,
,,,,,,,,,,,,,,,,,group_1577,,,,,group_1329,
,,,,,,,,,,,,,,,,,group_1566,,,,,group_1331,
,,,,,,,,,,,,,,,,,group_1581,,,,,group_1333,
,,,,,,,,,,,,,,,,,group_1582,,,,,group_1332,
,,,,,,,,,,,,,,,,,group_1583,,,,,ygaV,
,,,,,,,,,,,,,,,,,group_1584,,,,,group_1335,
,,,,,,,,,,,,,,,,,group_1585,,,,,group_1338,
,,,,,,,,,,,,,,,,,group_1096,,,,,group_1336,
,,,,,,,,,,,,,,,,,group_1097,,,,,group_1337,
,,,,,,,,,,,,,,,,,group_1098,,,,,group_1339,
,,,,,,,,,,,,,,,,,group_1587,,,,,group_349,
,,,,,,,,,,,,,,,,,group_1588,,,,,group_1334,
,,,,,,,,,,,,,,,,,group_1589,,,,,group_1340,
,,,,,,,,,,,,,,,,,group_293,,,,,group_352,
,,,,,,,,,,,,,,,,,group_520,,,,,group_354,
,,,,,,,,,,,,,,,,,group_1100,,,,,group_1341,
,,,,,,,,,,,,,,,,,group_1101,,,,,group_1342,
,,,,,,,,,,,,,,,,,group_1591,,,,,group_1344,
,,,,,,,,,,,,,,,,,lytA_5,,,,,group_1343,
,,,,,,,,,,,,,,,,,group_1592,,,,,group_1346,
,,,,,,,,,,,,,,,,,group_1586,,,,,group_919,
,,,,,,,,,,,,,,,,,group_1102,,,,,group_1345,
,,,,,,,,,,,,,,,,,group_139,,,,,group_1347,
,,,,,,,,,,,,,,,,,group_59,,,,,group_921,
,,,,,,,,,,,,,,,,,group_1595,,,,,group_923,
,,,,,,,,,,,,,,,,,group_1103,,,,,group_922,
,,,,,,,,,,,,,,,,,group_1599,,,,,group_1349,
,,,,,,,,,,,,,,,,,group_1601,,,,,group_1350,
,,,,,,,,,,,,,,,,,group_1602,,,,,group_1351,
,,,,,,,,,,,,,,,,,group_1597,,,,,group_924,
,,,,,,,,,,,,,,,,,group_438,,,,,group_634,
,,,,,,,,,,,,,,,,,doc,,,,,group_1352,
,,,,,,,,,,,,,,,,,group_1610,,,,,group_1353,
,,,,,,,,,,,,,,,,,axe1-6A_2,,,,,group_1348,
,,,,,,,,,,,,,,,,,group_1611,,,,,group_146,
,,,,,,,,,,,,,,,,,group_1105,,,,,group_928,
,,,,,,,,,,,,,,,,,group_1106,,,,,group_925,
,,,,,,,,,,,,,,,,,group_726,,,,,group_929,
,,,,,,,,,,,,,,,,,group_598,,,,,Int-Tn_3,
,,,,,,,,,,,,,,,,,group_1604,,,,,group_1355,
,,,,,,,,,,,,,,,,,drrA_2,,,,,group_1354,
,,,,,,,,,,,,,,,,,group_1107,,,,,ugd_1,
,,,,,,,,,,,,,,,,,group_1615,,,,,ugd,
,,,,,,,,,,,,,,,,,group_1616,,,,,btrD,
,,,,,,,,,,,,,,,,,group_62,,,,,group_638,
,,,,,,,,,,,,,,,,,group_1614,,,,,group_931,
,,,,,,,,,,,,,,,,,group_1108,,,,,group_930,
,,,,,,,,,,,,,,,,,group_1620,,,,,group_468,
,,,,,,,,,,,,,,,,,group_1628,,,,,group_266,
,,,,,,,,,,,,,,,,,group_1630,,,,,group_932,
,,,,,,,,,,,,,,,,,group_1629,,,,,group_933,
,,,,,,,,,,,,,,,,,group_1635,,,,,rimI,
,,,,,,,,,,,,,,,,,group_1636,,,,,tsaB,
,,,,,,,,,,,,,,,,,group_172,,,,,group_1357,
,,,,,,,,,,,,,,,,,lytA_3,,,,,wfgD,
,,,,,,,,,,,,,,,,,group_1638,,,,,bshA,
,,,,,,,,,,,,,,,,,group_50,,,,,group_936,
,,,,,,,,,,,,,,,,,group_1643,,,,,group_643,
,,,,,,,,,,,,,,,,,group_1644,,,,,group_642,
,,,,,,,,,,,,,,,,,group_1647,,,,,msbA,
,,,,,,,,,,,,,,,,,group_1649,,,,,group_1358,
,,,,,,,,,,,,,,,,,group_1652,,,,,group_152,
,,,,,,,,,,,,,,,,,group_1651,,,,,group_1359,
,,,,,,,,,,,,,,,,,group_1655,,,,,group_472,
,,,,,,,,,,,,,,,,,group_1656,,,,,group_1360,
,,,,,,,,,,,,,,,,,group_1659,,,,,group_362,
,,,,,,,,,,,,,,,,,group_1660,,,,,group_937,
,,,,,,,,,,,,,,,,,group_1661,,,,,group_938,
,,,,,,,,,,,,,,,,,group_134,,,,,group_154,
,,,,,,,,,,,,,,,,,group_1665,,,,,group_1361,
,,,,,,,,,,,,,,,,,group_453,,,,,comC1,
,,,,,,,,,,,,,,,,,group_1667,,,,,agrA_2,
,,,,,,,,,,,,,,,,,group_1668,,,,,group_364,
,,,,,,,,,,,,,,,,,group_1669,,,,,group_942,
,,,,,,,,,,,,,,,,,group_1670,,,,,group_201,
,,,,,,,,,,,,,,,,,group_1671,,,,,group_360,
,,,,,,,,,,,,,,,,,group_70,,,,,cysK,
,,,,,,,,,,,,,,,,,group_524,,,,,group_644,
,,,,,,,,,,,,,,,,,group_1113,,,,,group_112,
,,,,,,,,,,,,,,,,,group_1675,,,,,group_944,
,,,,,,,,,,,,,,,,,group_1114,,,,,walK_2,
,,,,,,,,,,,,,,,,,group_1681,,,,,phoB,
,,,,,,,,,,,,,,,,,group_1677,,,,,group_1366,
,,,,,,,,,,,,,,,,,group_1688,,,,,group_1367,
,,,,,,,,,,,,,,,,,group_1689,,,,,group_162,
,,,,,,,,,,,,,,,,,group_1690,,,,,ltrA,
,,,,,,,,,,,,,,,,,group_1691,,,,,srlR_2,
,,,,,,,,,,,,,,,,,group_1693,,,,,group_269,
,,,,,,,,,,,,,,,,,group_1694,,,,,rhaB,
,,,,,,,,,,,,,,,,,group_1695,,,,,fucU,
,,,,,,,,,,,,,,,,,group_1696,,,,,fucA,
,,,,,,,,,,,,,,,,,group_1701,,,,,levE_1,
,,,,,,,,,,,,,,,,,group_2189,,,,,group_1373,
,,,,,,,,,,,,,,,,,group_1117,,,,,manZ_3,
,,,,,,,,,,,,,,,,,group_1704,,,,,group_1375,
,,,,,,,,,,,,,,,,,group_1710,,,,,eabC,
,,,,,,,,,,,,,,,,,group_1711,,,,,fucI,
,,,,,,,,,,,,,,,,,group_1118,,,,,adhB,
,,,,,,,,,,,,,,,,,group_1119,,,,,sdrD,
,,,,,,,,,,,,,,,,,group_1712,,,,,iga_2,
,,,,,,,,,,,,,,,,,group_1713,,,,,group_1378,
,,,,,,,,,,,,,,,,,group_1714,,,,,group_1379,
,,,,,,,,,,,,,,,,,group_1715,,,,,manX_3,
,,,,,,,,,,,,,,,,,group_1716,,,,,arcB,
,,,,,,,,,,,,,,,,,group_1718,,,,,arcA,
,,,,,,,,,,,,,,,,,group_1708,,,,,group_646,
,,,,,,,,,,,,,,,,,group_1720,,,,,group_215,
,,,,,,,,,,,,,,,,,group_1721,,,,,group_53,
,,,,,,,,,,,,,,,,,group_1722,,,,,group_68,
,,,,,,,,,,,,,,,,,group_1121,,,,,group_950,
,,,,,,,,,,,,,,,,,group_1723,,,,,arcC1,
,,,,,,,,,,,,,,,,,group_731,,,,,group_85,
,,,,,,,,,,,,,,,,,group_1727,,,,,group_270,
,,,,,,,,,,,,,,,,,group_1728,,,,,group_478,
,,,,,,,,,,,,,,,,,group_1729,,,,,group_649,
,,,,,,,,,,,,,,,,,group_1726,,,,,group_953,
,,,,,,,,,,,,,,,,,group_1731,,,,,group_79,
,,,,,,,,,,,,,,,,,group_1733,,,,,lytB_6,
,,,,,,,,,,,,,,,,,group_1735,,,,,group_650,
,,,,,,,,,,,,,,,,,group_1730,,,,,group_80,
,,,,,,,,,,,,,,,,,group_1737,,,,,group_1384,
,,,,,,,,,,,,,,,,,group_1738,,,,,group_957,
,,,,,,,,,,,,,,,,,group_1739,,,,,group_55,
,,,,,,,,,,,,,,,,,group_1682,,,,,group_128,
,,,,,,,,,,,,,,,,,group_1742,,,,,group_1383,
,,,,,,,,,,,,,,,,,group_1745,,,,,group_268,
,,,,,,,,,,,,,,,,,group_1746,,,,,group_1386,
,,,,,,,,,,,,,,,,,group_1749,,,,,relA_2,
,,,,,,,,,,,,,,,,,group_1750,,,,,intQ,
,,,,,,,,,,,,,,,,,group_1751,,,,,apaH,
,,,,,,,,,,,,,,,,,yheS_1,,,,,group_1388,
,,,,,,,,,,,,,,,,,group_1755,,,,,group_963,
,,,,,,,,,,,,,,,,,group_1759,,,,,group_1389,
,,,,,,,,,,,,,,,,,group_1756,,,,,group_1390,
,,,,,,,,,,,,,,,,,group_1124,,,,,group_1391,
,,,,,,,,,,,,,,,,,group_1125,,,,,group_1387,
,,,,,,,,,,,,,,,,,group_1767,,,,,group_1392,
,,,,,,,,,,,,,,,,,group_1768,,,,,group_1394,
,,,,,,,,,,,,,,,,,group_1770,,,,,group_1395,
,,,,,,,,,,,,,,,,,group_1765,,,,,group_1396,
,,,,,,,,,,,,,,,,,group_1771,,,,,group_1397,
,,,,,,,,,,,,,,,,,group_1754,,,,,group_1398,
,,,,,,,,,,,,,,,,,group_1775,,,,,group_1385,
,,,,,,,,,,,,,,,,,group_1776,,,,,group_964,
,,,,,,,,,,,,,,,,,ebhA,,,,,group_481,
,,,,,,,,,,,,,,,,,ply_1,,,,,group_1399,
,,,,,,,,,,,,,,,,,group_1781,,,,,group_166,
,,,,,,,,,,,,,,,,,group_1783,,,,,group_655,
,,,,,,,,,,,,,,,,,group_1785,,,,,group_1401,
,,,,,,,,,,,,,,,,,group_1786,,,,,group_1402,
,,,,,,,,,,,,,,,,,group_1778,,,,,group_3064,
,,,,,,,,,,,,,,,,,group_1790,,,,,oatA,
,,,,,,,,,,,,,,,,,group_1791,,,,,group_1393,
,,,,,,,,,,,,,,,,,group_1792,,,,,group_274,
,,,,,,,,,,,,,,,,,group_1787,,,,,group_120,
,,,,,,,,,,,,,,,,,group_1796,,,,,group_102,
,,,,,,,,,,,,,,,,,group_1798,,,,,group_980,
,,,,,,,,,,,,,,,,,group_1799,,,,,group_278,
,,,,,,,,,,,,,,,,,group_1800,,,,,comEC,
,,,,,,,,,,,,,,,,,group_1802,,,,,ald,
,,,,,,,,,,,,,,,,,group_1797,,,,,group_976,
,,,,,,,,,,,,,,,,,group_1804,,,,,ald2,
,,,,,,,,,,,,,,,,,group_1773,,,,,group_1403,
,,,,,,,,,,,,,,,,,group_1816,,,,,resA,
,,,,,,,,,,,,,,,,,group_1819,,,,,group_587,
,,,,,,,,,,,,,,,,,group_1820,,,,,group_56,
,,,,,,,,,,,,,,,,,group_1822,,,,,group_663,
,,,,,,,,,,,,,,,,,group_1824,,,,,group_985,
,,,,,,,,,,,,,,,,,pezT_1,,,,,group_1404,
,,,,,,,,,,,,,,,,,group_1827,,,,,lytB_3,
,,,,,,,,,,,,,,,,,group_1823,,,,,group_255,
,,,,,,,,,,,,,,,,,group_1828,,,,,group_131,
,,,,,,,,,,,,,,,,,group_1829,,,,,group_1406,
,,,,,,,,,,,,,,,,,group_1821,,,,,group_216,
,,,,,,,,,,,,,,,,,group_1831,,,,,group_995,
,,,,,,,,,,,,,,,,,group_1841,,,,,group_376,
,,,,,,,,,,,,,,,,,group_1843,,,,,rizA,
,,,,,,,,,,,,,,,,,group_1845,,,,,group_280,
,,,,,,,,,,,,,,,,,group_233,,,,,group_282,
,,,,,,,,,,,,,,,,,group_1846,,,,,group_283,
,,,,,,,,,,,,,,,,,group_1847,,,,,group_1408,
,,,,,,,,,,,,,,,,,group_1844,,,,,group_1409,
,,,,,,,,,,,,,,,,,group_1853,,,,,group_1407,
,,,,,,,,,,,,,,,,,group_1855,,,,,group_671,
,,,,,,,,,,,,,,,,,group_1852,,,,,group_1003,
,,,,,,,,,,,,,,,,,group_1858,,,,,group_84,
,,,,,,,,,,,,,,,,,pezT_2,,,,,group_517,
,,,,,,,,,,,,,,,,,group_1859,,,,,group_308,
,,,,,,,,,,,,,,,,,group_1861,,,,,group_1005,
,,,,,,,,,,,,,,,,,group_1862,,,,,group_1412,
,,,,,,,,,,,,,,,,,group_71,,,,,group_1411,
,,,,,,,,,,,,,,,,,group_1864,,,,,group_1009,
,,,,,,,,,,,,,,,,,hel,,,,,group_676,
,,,,,,,,,,,,,,,,,group_1874,,,,,group_677,
,,,,,,,,,,,,,,,,,group_1878,,,,,group_1413,
,,,,,,,,,,,,,,,,,group_1879,,,,,mepA,
,,,,,,,,,,,,,,,,,group_1880,,,,,group_495,
,,,,,,,,,,,,,,,,,group_1877,,,,,yxlF_3,
,,,,,,,,,,,,,,,,,group_1885,,,,,group_381,
,,,,,,,,,,,,,,,,,group_1882,,,,,group_383,
,,,,,,,,,,,,,,,,,group_485,,,,,group_1013,
,,,,,,,,,,,,,,,,,group_1889,,,,,group_41,
,,,,,,,,,,,,,,,,,group_710,,,,,group_65,
,,,,,,,,,,,,,,,,,group_1891,,,,,group_680,
,,,,,,,,,,,,,,,,,group_1892,,,,,group_1414,
,,,,,,,,,,,,,,,,,group_1894,,,,,group_222,
,,,,,,,,,,,,,,,,,group_1890,,,,,group_1415,
,,,,,,,,,,,,,,,,,group_1896,,,,,group_1416,
,,,,,,,,,,,,,,,,,group_1898,,,,,group_1417,
,,,,,,,,,,,,,,,,,group_1900,,,,,group_683,
,,,,,,,,,,,,,,,,,group_1902,,,,,slyA_2,
,,,,,,,,,,,,,,,,,group_1904,,,,,group_496,
,,,,,,,,,,,,,,,,,group_1907,,,,,group_1020,
,,,,,,,,,,,,,,,,,group_1901,,,,,recX,
,,,,,,,,,,,,,,,,,group_153,,,,,group_57,
,,,,,,,,,,,,,,,,,group_155,,,,,yknY_2,
,,,,,,,,,,,,,,,,,group_1908,,,,,group_31,
,,,,,,,,,,,,,,,,,group_1909,,,,,group_1419,
,,,,,,,,,,,,,,,,,group_297,,,,,group_1421,
,,,,,,,,,,,,,,,,,group_303,,,,,group_1422,
,,,,,,,,,,,,,,,,,maa,,,,,menG,
,,,,,,,,,,,,,,,,,group_1911,,,,,group_1424,
,,,,,,,,,,,,,,,,,group_417,,,,,group_288,
,,,,,,,,,,,,,,,,,group_1913,,,,,immR,
,,,,,,,,,,,,,,,,,dhaL,,,,,group_1425,
,,,,,,,,,,,,,,,,,bag_1,,,,,group_289,
,,,,,,,,,,,,,,,,,group_1926,,,,,group_1426,
,,,,,,,,,,,,,,,,,group_1927,,,,,group_1427,
,,,,,,,,,,,,,,,,,group_1930,,,,,group_684,
,,,,,,,,,,,,,,,,,group_1931,,,,,yxlF_2,
,,,,,,,,,,,,,,,,,group_1935,,,,,lagD_4,
,,,,,,,,,,,,,,,,,group_1934,,,,,group_1024,
,,,,,,,,,,,,,,,,,group_1938,,,,,group_500,
,,,,,,,,,,,,,,,,,group_1939,,,,,group_1429,
,,,,,,,,,,,,,,,,,group_1940,,,,,group_1428,
,,,,,,,,,,,,,,,,,group_1944,,,,,group_1431,
,,,,,,,,,,,,,,,,,group_1945,,,,,pezT,
,,,,,,,,,,,,,,,,,group_1132,,,,,pezA,
,,,,,,,,,,,,,,,,,group_1946,,,,,bcgIB,
,,,,,,,,,,,,,,,,,group_1947,,,,,pinR,
,,,,,,,,,,,,,,,,,group_1948,,,,,group_1432,
,,,,,,,,,,,,,,,,,group_1949,,,,,group_685,
,,,,,,,,,,,,,,,,,group_1950,,,,,fepD_2,
,,,,,,,,,,,,,,,,,group_1951,,,,,yfhA,
,,,,,,,,,,,,,,,,,group_1953,,,,,yfmC,
,,,,,,,,,,,,,,,,,group_1957,,,,,group_1028,
,,,,,,,,,,,,,,,,,group_1959,,,,,xylH,
,,,,,,,,,,,,,,,,,group_1960,,,,,bltD,
,,,,,,,,,,,,,,,,,group_1964,,,,,group_1439,
,,,,,,,,,,,,,,,,,group_1966,,,,,group_1441,
,,,,,,,,,,,,,,,,,group_1971,,,,,group_1437,
,,,,,,,,,,,,,,,,,group_1968,,,,,hemH,
,,,,,,,,,,,,,,,,,group_1973,,,,,group_204,
,,,,,,,,,,,,,,,,,group_1974,,,,,group_1443,
,,,,,,,,,,,,,,,,,group_1975,,,,,group_1442,
,,,,,,,,,,,,,,,,,group_1976,,,,,group_159,
,,,,,,,,,,,,,,,,,group_1135,,,,,group_1444,
,,,,,,,,,,,,,,,,,group_1979,,,,,glgB,
,,,,,,,,,,,,,,,,,group_1978,,,,,glgC,
,,,,,,,,,,,,,,,,,group_1982,,,,,group_8,
,,,,,,,,,,,,,,,,,group_1980,,,,,group_1447,
,,,,,,,,,,,,,,,,,group_1985,,,,,group_5,
,,,,,,,,,,,,,,,,,group_1986,,,,,yusV,
,,,,,,,,,,,,,,,,,group_1988,,,,,group_6,
,,,,,,,,,,,,,,,,,group_1136,,,,,group_3065,
,,,,,,,,,,,,,,,,,group_1989,,,,,group_1448,
,,,,,,,,,,,,,,,,,group_1990,,,,,dhaM,
,,,,,,,,,,,,,,,,,group_1992,,,,,dhaM_2,
,,,,,,,,,,,,,,,,,bag_2,,,,,group_389,
,,,,,,,,,,,,,,,,,group_1996,,,,,group_226,
,,,,,,,,,,,,,,,,,group_1993,,,,,group_168,
,,,,,,,,,,,,,,,,,group_1997,,,,,group_169,
,,,,,,,,,,,,,,,,,lytA_9,,,,,group_689,
,,,,,,,,,,,,,,,,,group_1129,,,,,group_141,
,,,,,,,,,,,,,,,,,group_2002,,,,,group_118,
,,,,,,,,,,,,,,,,,group_2003,,,,,group_1449,
,,,,,,,,,,,,,,,,,group_2004,,,,,group_27,
,,,,,,,,,,,,,,,,,lytB_7,,,,,group_96,
,,,,,,,,,,,,,,,,,group_2009,,,,,group_1450,
,,,,,,,,,,,,,,,,,group_2011,,,,,group_26,
,,,,,,,,,,,,,,,,,group_2012,,,,,rlmN,
,,,,,,,,,,,,,,,,,group_2013,,,,,group_1451,
,,,,,,,,,,,,,,,,,group_2014,,,,,group_275,
,,,,,,,,,,,,,,,,,group_2017,,,,,group_25,
,,,,,,,,,,,,,,,,,group_2026,,,,,group_1060,
,,,,,,,,,,,,,,,,,group_2027,,,,,group_32,
,,,,,,,,,,,,,,,,,group_2032,,,,,group_1452,
,,,,,,,,,,,,,,,,,group_144,,,,,group_15,
,,,,,,,,,,,,,,,,,group_2034,,,,,group_14,
,,,,,,,,,,,,,,,,,group_2037,,,,,group_2694,
,,,,,,,,,,,,,,,,,group_2038,,,,,group_1453,
,,,,,,,,,,,,,,,,,group_2039,,,,,group_1454,
,,,,,,,,,,,,,,,,,group_2036,,,,,group_511,
,,,,,,,,,,,,,,,,,group_2044,,,,,group_2,
,,,,,,,,,,,,,,,,,group_469,,,,,gtf2_1,
,,,,,,,,,,,,,,,,,group_2045,,,,,wbbI,
,,,,,,,,,,,,,,,,,group_2046,,,,,group_1455,
,,,,,,,,,,,,,,,,,group_2049,,,,,gtf2_2,
,,,,,,,,,,,,,,,,,group_2047,,,,,gtf2_3,
,,,,,,,,,,,,,,,,,group_2048,,,,,epsJ_3,
,,,,,,,,,,,,,,,,,group_2050,,,,,secY2,
,,,,,,,,,,,,,,,,,group_2054,,,,,epsH_1,
,,,,,,,,,,,,,,,,,group_2055,,,,,group_1458,
,,,,,,,,,,,,,,,,,group_1141,,,,,asp2,
,,,,,,,,,,,,,,,,,group_473,,,,,epsH_2,
,,,,,,,,,,,,,,,,,group_2062,,,,,group_391,
,,,,,,,,,,,,,,,,,group_309,,,,,asp3,
,,,,,,,,,,,,,,,,,group_2064,,,,,group_1463,
,,,,,,,,,,,,,,,,,group_2063,,,,,gtf2_4,
,,,,,,,,,,,,,,,,,group_2068,,,,,group_1464,
,,,,,,,,,,,,,,,,,group_73,,,,,group_1465,
,,,,,,,,,,,,,,,,,group_2072,,,,,gtf1,
,,,,,,,,,,,,,,,,,yihX,,,,,sstT,
,,,,,,,,,,,,,,,,,group_2077,,,,,dnaI,
,,,,,,,,,,,,,,,,,group_2079,,,,,group_696,
,,,,,,,,,,,,,,,,,group_2084,,,,,group_1466,
,,,,,,,,,,,,,,,,,group_2086,,,,,group_33,
,,,,,,,,,,,,,,,,,group_2090,,,,,fpgS_1,
,,,,,,,,,,,,,,,,,group_2092,,,,,sulA,
,,,,,,,,,,,,,,,,,group_2094,,,,,group_697,
,,,,,,,,,,,,,,,,,group_2095,,,,,group_1467,
,,,,,,,,,,,,,,,,,group_2096,,,,,ydaF_1,
,,,,,,,,,,,,,,,,,group_2100,,,,,group_1068,
,,,,,,,,,,,,,,,,,group_2101,,,,,group_1468,
,,,,,,,,,,,,,,,,,group_2088,,,,,secA_1,
,,,,,,,,,,,,,,,,,group_2105,,,,,group_1470,
,,,,,,,,,,,,,,,,,group_2110,,,,,group_301,
,,,,,,,,,,,,,,,,,group_2111,,,,,group_1469,
,,,,,,,,,,,,,,,,,group_2121,,,,,group_1472,
,,,,,,,,,,,,,,,,,group_2126,,,,,nisC,
,,,,,,,,,,,,,,,,,group_2127,,,,,tcyA_2,
,,,,,,,,,,,,,,,,,mobA,,,,,nisB,
,,,,,,,,,,,,,,,,,group_2128,,,,,group_699,
,,,,,,,,,,,,,,,,,group_2131,,,,,sugC_1,
,,,,,,,,,,,,,,,,,group_2132,,,,,toxA,
,,,,,,,,,,,,,,,,,group_2134,,,,,group_363,
,,,,,,,,,,,,,,,,,group_2130,,,,,group_515,
,,,,,,,,,,,,,,,,,group_78,,,,,lagD_1,
,,,,,,,,,,,,,,,,,group_205,,,,,group_700,
,,,,,,,,,,,,,,,,,group_1151,,,,,group_1071,
,,,,,,,,,,,,,,,,,group_2138,,,,,group_393,
,,,,,,,,,,,,,,,,,group_2139,,,,,group_81,
,,,,,,,,,,,,,,,,,group_2141,,,,,group_314,
,,,,,,,,,,,,,,,,,group_2140,,,,,group_1072,
,,,,,,,,,,,,,,,,,group_2144,,,,,group_1477,
,,,,,,,,,,,,,,,,,group_2143,,,,,group_277,
,,,,,,,,,,,,,,,,,group_2145,,,,,group_399,
,,,,,,,,,,,,,,,,,group_1170,,,,,group_1073,
,,,,,,,,,,,,,,,,,group_1145,,,,,group_143,
,,,,,,,,,,,,,,,,,group_121,,,,,bag,
,,,,,,,,,,,,,,,,,group_2147,,,,,group_163,
,,,,,,,,,,,,,,,,,group_2149,,,,,fucI_2,
,,,,,,,,,,,,,,,,,group_151,,,,,group_1478,
,,,,,,,,,,,,,,,,,group_2151,,,,,group_1480,
,,,,,,,,,,,,,,,,,group_2157,,,,,group_1075,
,,,,,,,,,,,,,,,,,group_2150,,,,,ygfA,
,,,,,,,,,,,,,,,,,group_2163,,,,,group_75,
,,,,,,,,,,,,,,,,,group_2164,,,,,group_1076,
,,,,,,,,,,,,,,,,,group_740,,,,,inhA,
,,,,,,,,,,,,,,,,,group_741,,,,,group_1482,
,,,,,,,,,,,,,,,,,group_2165,,,,,group_1479,
,,,,,,,,,,,,,,,,,group_331,,,,,group_1077,
,,,,,,,,,,,,,,,,,lytA_8,,,,,group_456,
,,,,,,,,,,,,,,,,,group_116,,,,,group_1483,
,,,,,,,,,,,,,,,,,group_2171,,,,,group_1484,
,,,,,,,,,,,,,,,,,group_2172,,,,,group_702,
,,,,,,,,,,,,,,,,,group_2175,,,,,group_1078,
,,,,,,,,,,,,,,,,,group_592,,,,,group_703,
,,,,,,,,,,,,,,,,,group_2173,,,,,group_302,
,,,,,,,,,,,,,,,,,group_503,,,,,group_1080,
,,,,,,,,,,,,,,,,,group_2176,,,,,group_1475,
,,,,,,,,,,,,,,,,,group_2177,,,,,group_1485,
,,,,,,,,,,,,,,,,,group_2178,,,,,group_1079,
,,,,,,,,,,,,,,,,,group_2179,,,,,group_1486,
,,,,,,,,,,,,,,,,,group_1146,,,,,group_1489,
,,,,,,,,,,,,,,,,,group_2183,,,,,group_183,
,,,,,,,,,,,,,,,,,group_2185,,,,,group_1488,
,,,,,,,,,,,,,,,,,group_2190,,,,,group_704,
,,,,,,,,,,,,,,,,,group_2193,,,,,group_1490,
,,,,,,,,,,,,,,,,,group_1149,,,,,group_706,
,,,,,,,,,,,,,,,,,dhaM_1,,,,,mutL_2,
,,,,,,,,,,,,,,,,,group_142,,,,,group_273,
,,,,,,,,,,,,,,,,,group_2197,,,,,ecfT_3,
,,,,,,,,,,,,,,,,,group_2196,,,,,group_1494,
,,,,,,,,,,,,,,,,,group_2200,,,,,ykoD_3,
,,,,,,,,,,,,,,,,,group_2201,,,,,group_1491,
,,,,,,,,,,,,,,,,,group_67,,,,,group_316,
,,,,,,,,,,,,,,,,,group_2203,,,,,soxS,
,,,,,,,,,,,,,,,,,group_2205,,,,,lytB_4,
,,,,,,,,,,,,,,,,,group_2207,,,,,group_43,
,,,,,,,,,,,,,,,,,group_2208,,,,,group_63,
,,,,,,,,,,,,,,,,,group_2211,,,,,group_279,
,,,,,,,,,,,,,,,,,group_2210,,,,,group_1498,
,,,,,,,,,,,,,,,,,group_140,,,,,group_191,
,,,,,,,,,,,,,,,,,group_2213,,,,,bbmA_1,
,,,,,,,,,,,,,,,,,group_1152,,,,,group_192,
,,,,,,,,,,,,,,,,,group_1153,,,,,irtA,
,,,,,,,,,,,,,,,,,group_2219,,,,,group_1081,
,,,,,,,,,,,,,,,,,group_60,,,,,ndvA,
,,,,,,,,,,,,,,,,,group_2222,,,,,group_1500,
,,,,,,,,,,,,,,,,,group_225,,,,,group_1501,
,,,,,,,,,,,,,,,,,group_2226,,,,,group_110,
,,,,,,,,,,,,,,,,,group_2230,,,,,group_135,
,,,,,,,,,,,,,,,,,group_86,,,,,mta,
,,,,,,,,,,,,,,,,,group_2392,,,,,group_1499,
,,,,,,,,,,,,,,,,,group_1155,,,,,group_1502,
,,,,,,,,,,,,,,,,,group_2231,,,,,mutX_2,
,,,,,,,,,,,,,,,,,group_1161,,,,,group_272,
,,,,,,,,,,,,,,,,,group_2236,,,,,group_227,
,,,,,,,,,,,,,,,,,group_2234,,,,,group_138,
,,,,,,,,,,,,,,,,,group_2238,,,,,rppH,
,,,,,,,,,,,,,,,,,group_2239,,,,,group_1503,
,,,,,,,,,,,,,,,,,group_2240,,,,,group_97,
,,,,,,,,,,,,,,,,,group_2241,,,,,group_16,
,,,,,,,,,,,,,,,,,group_2242,,,,,group_1505,
,,,,,,,,,,,,,,,,,group_2243,,,,,group_1084,
,,,,,,,,,,,,,,,,,group_2245,,,,,group_1504,
,,,,,,,,,,,,,,,,,group_2246,,,,,group_224,
,,,,,,,,,,,,,,,,,group_2247,,,,,group_385,
,,,,,,,,,,,,,,,,,group_2237,,,,,group_1085,
,,,,,,,,,,,,,,,,,group_2249,,,,,group_286,
,,,,,,,,,,,,,,,,,group_2250,,,,,group_1086,
,,,,,,,,,,,,,,,,,group_2252,,,,,artM_1,
,,,,,,,,,,,,,,,,,group_2248,,,,,group_679,
,,,,,,,,,,,,,,,,,group_2255,,,,,group_1506,
,,,,,,,,,,,,,,,,,group_2254,,,,,group_1507,
,,,,,,,,,,,,,,,,,group_2257,,,,,group_1509,
,,,,,,,,,,,,,,,,,group_2258,,,,,nisP,
,,,,,,,,,,,,,,,,,group_2259,,,,,group_1508,
,,,,,,,,,,,,,,,,,group_2261,,,,,group_1513,
,,,,,,,,,,,,,,,,,group_2256,,,,,group_1514,
,,,,,,,,,,,,,,,,,group_2263,,,,,desK,
,,,,,,,,,,,,,,,,,group_2264,,,,,group_1510,
,,,,,,,,,,,,,,,,,group_2267,,,,,group_2693,
,,,,,,,,,,,,,,,,,group_2269,,,,,group_1516,
,,,,,,,,,,,,,,,,,group_1165,,,,,group_708,
,,,,,,,,,,,,,,,,,group_208,,,,,group_709,
,,,,,,,,,,,,,,,,,group_2273,,,,,group_1517,
,,,,,,,,,,,,,,,,,group_2275,,,,,lipO,
,,,,,,,,,,,,,,,,,group_2276,,,,,group_1511,
,,,,,,,,,,,,,,,,,group_2277,,,,,yteP_2,
,,,,,,,,,,,,,,,,,group_2278,,,,,group_548,
,,,,,,,,,,,,,,,,,group_2274,,,,,rbsR,
,,,,,,,,,,,,,,,,,group_2281,,,,,ycjP_2,
,,,,,,,,,,,,,,,,,group_2282,,,,,group_1087,
,,,,,,,,,,,,,,,,,group_2283,,,,,group_1522,
,,,,,,,,,,,,,,,,,group_2285,,,,,group_711,
,,,,,,,,,,,,,,,,,group_2287,,,,,group_237,
,,,,,,,,,,,,,,,,,group_2296,,,,,group_712,
,,,,,,,,,,,,,,,,,group_2288,,,,,yxlF,
,,,,,,,,,,,,,,,,,group_2300,,,,,lsrC,
,,,,,,,,,,,,,,,,,group_2301,,,,,xerC_2,
,,,,,,,,,,,,,,,,,group_2308,,,,,group_629,
,,,,,,,,,,,,,,,,,group_2310,,,,,group_713,
,,,,,,,,,,,,,,,,,group_2311,,,,,group_1526,
,,,,,,,,,,,,,,,,,group_2312,,,,,group_1528,
,,,,,,,,,,,,,,,,,group_2313,,,,,group_3066,
,,,,,,,,,,,,,,,,,group_2316,,,,,cpsB,
,,,,,,,,,,,,,,,,,group_2318,,,,,ywqC,
,,,,,,,,,,,,,,,,,group_2317,,,,,group_1527,
,,,,,,,,,,,,,,,,,group_2320,,,,,epsL,
,,,,,,,,,,,,,,,,,group_2321,,,,,tagA,
,,,,,,,,,,,,,,,,,group_2279,,,,,cpsD,
,,,,,,,,,,,,,,,,,group_2322,,,,,group_1530,
,,,,,,,,,,,,,,,,,group_294,,,,,group_1533,
,,,,,,,,,,,,,,,,,group_2324,,,,,group_1531,
,,,,,,,,,,,,,,,,,group_1099,,,,,group_1532,
,,,,,,,,,,,,,,,,,group_74,,,,,mnaA,
,,,,,,,,,,,,,,,,,group_2325,,,,,glf_3,
,,,,,,,,,,,,,,,,,group_132,,,,,cmpC,
,,,,,,,,,,,,,,,,,group_220,,,,,rfbC,
,,,,,,,,,,,,,,,,,group_2337,,,,,glf_1,
,,,,,,,,,,,,,,,,,group_2338,,,,,group_228,
,,,,,,,,,,,,,,,,,group_1167,,,,,group_1537,
,,,,,,,,,,,,,,,,,group_467,,,,,group_263,
,,,,,,,,,,,,,,,,,yidA_3,,,,,lytA_1,
,,,,,,,,,,,,,,,,,group_1154,,,,,group_93,
,,,,,,,,,,,,,,,,,group_2343,,,,,group_262,
,,,,,,,,,,,,,,,,,group_2345,,,,,group_94,
,,,,,,,,,,,,,,,,,group_52,,,,,group_1090,
,,,,,,,,,,,,,,,,,group_2349,,,,,group_119,
,,,,,,,,,,,,,,,,,group_1168,,,,,group_1538,
,,,,,,,,,,,,,,,,,group_2351,,,,,group_1092,
,,,,,,,,,,,,,,,,,group_2356,,,,,group_401,
,,,,,,,,,,,,,,,,,lytB_2,,,,,group_1539,
,,,,,,,,,,,,,,,,,group_2359,,,,,group_1540,
,,,,,,,,,,,,,,,,,group_2361,,,,,group_717,
,,,,,,,,,,,,,,,,,group_2364,,,,,rapA_2,
,,,,,,,,,,,,,,,,,group_1169,,,,,group_372,
,,,,,,,,,,,,,,,,,group_2366,,,,,sarA_3,
,,,,,,,,,,,,,,,,,group_2367,,,,,thrC,
,,,,,,,,,,,,,,,,,group_2368,,,,,group_1544,
,,,,,,,,,,,,,,,,,group_2369,,,,,group_1546,
,,,,,,,,,,,,,,,,,group_2370,,,,,lexA,
,,,,,,,,,,,,,,,,,group_2371,,,,,group_1547,
,,,,,,,,,,,,,,,,,lytB_5,,,,,group_1543,
,,,,,,,,,,,,,,,,,group_2374,,,,,group_1548,
,,,,,,,,,,,,,,,,,dnaJ_2,,,,,glf_2,
,,,,,,,,,,,,,,,,,group_2348,,,,,dnaD_2,
,,,,,,,,,,,,,,,,,group_2380,,,,,dnaC_2,
,,,,,,,,,,,,,,,,,group_221,,,,,group_1553,
,,,,,,,,,,,,,,,,,group_2386,,,,,group_1555,
,,,,,,,,,,,,,,,,,group_2383,,,,,group_1550,
,,,,,,,,,,,,,,,,,group_2384,,,,,group_1554,
,,,,,,,,,,,,,,,,,group_2393,,,,,group_1556,
,,,,,,,,,,,,,,,,,iolX_2,,,,,group_1558,
,,,,,,,,,,,,,,,,,group_2401,,,,,group_1559,
,,,,,,,,,,,,,,,,,group_2410,,,,,group_1560,
,,,,,,,,,,,,,,,,,group_2416,,,,,group_1561,
,,,,,,,,,,,,,,,,,group_2417,,,,,group_1562,
,,,,,,,,,,,,,,,,,group_2419,,,,,group_1093,
,,,,,,,,,,,,,,,,,group_662,,,,,group_1563,
,,,,,,,,,,,,,,,,,group_2422,,,,,group_1094,
,,,,,,,,,,,,,,,,,group_2423,,,,,group_1095,
,,,,,,,,,,,,,,,,,group_2415,,,,,yhdJ_2,
,,,,,,,,,,,,,,,,,group_2426,,,,,group_1565,
,,,,,,,,,,,,,,,,,group_2424,,,,,group_1557,
,,,,,,,,,,,,,,,,,lytB_10,,,,,group_1567,
,,,,,,,,,,,,,,,,,group_361,,,,,group_1568,
,,,,,,,,,,,,,,,,,group_64,,,,,group_718,
,,,,,,,,,,,,,,,,,toxA_1,,,,,group_1569,
,,,,,,,,,,,,,,,,,rfbX,,,,,group_1570,
,,,,,,,,,,,,,,,,,group_2430,,,,,group_1571,
,,,,,,,,,,,,,,,,,group_2431,,,,,group_1572,
,,,,,,,,,,,,,,,,,group_2435,,,,,group_1573,
,,,,,,,,,,,,,,,,,toxA_2,,,,,group_1574,
,,,,,,,,,,,,,,,,,group_2443,,,,,group_1575,
,,,,,,,,,,,,,,,,,group_2446,,,,,group_1576,
,,,,,,,,,,,,,,,,,group_2450,,,,,group_518,
,,,,,,,,,,,,,,,,,iga_1,,,,,group_1577,
,,,,,,,,,,,,,,,,,group_214,,,,,group_1566,
,,,,,,,,,,,,,,,,,group_2454,,,,,group_1579,
,,,,,,,,,,,,,,,,,group_2462,,,,,group_1580,
,,,,,,,,,,,,,,,,,group_2466,,,,,group_1581,
,,,,,,,,,,,,,,,,,group_72,,,,,group_1582,
,,,,,,,,,,,,,,,,,group_2464,,,,,group_1583,
,,,,,,,,,,,,,,,,,group_2469,,,,,group_1584,
,,,,,,,,,,,,,,,,,group_2467,,,,,group_720,
,,,,,,,,,,,,,,,,,group_2463,,,,,group_1585,
,,,,,,,,,,,,,,,,,group_2472,,,,,group_1096,
,,,,,,,,,,,,,,,,,group_160,,,,,group_1097,
,,,,,,,,,,,,,,,,,group_2477,,,,,group_1098,
,,,,,,,,,,,,,,,,,ubiG,,,,,spoT,
,,,,,,,,,,,,,,,,,group_2478,,,,,group_1587,
,,,,,,,,,,,,,,,,,group_2481,,,,,group_1588,
,,,,,,,,,,,,,,,,,group_2471,,,,,group_721,
,,,,,,,,,,,,,,,,,group_2483,,,,,group_1589,
,,,,,,,,,,,,,,,,,group_58,,,,,group_293,
,,,,,,,,,,,,,,,,,group_2484,,,,,group_1590,
,,,,,,,,,,,,,,,,,group_2485,,,,,group_520,
,,,,,,,,,,,,,,,,,group_2486,,,,,group_1100,
,,,,,,,,,,,,,,,,,group_2482,,,,,group_1101,
,,,,,,,,,,,,,,,,,group_2470,,,,,group_1591,
,,,,,,,,,,,,,,,,,,,,,,lytA_5,
,,,,,,,,,,,,,,,,,,,,,,group_1592,
,,,,,,,,,,,,,,,,,,,,,,group_1586,
,,,,,,,,,,,,,,,,,,,,,,group_1102,
,,,,,,,,,,,,,,,,,,,,,,group_139,
,,,,,,,,,,,,,,,,,,,,,,group_276,
,,,,,,,,,,,,,,,,,,,,,,group_1549,
,,,,,,,,,,,,,,,,,,,,,,group_1593,
,,,,,,,,,,,,,,,,,,,,,,group_582,
,,,,,,,,,,,,,,,,,,,,,,leuD,
,,,,,,,,,,,,,,,,,,,,,,group_1594,
,,,,,,,,,,,,,,,,,,,,,,leuA_1,
,,,,,,,,,,,,,,,,,,,,,,group_522,
,,,,,,,,,,,,,,,,,,,,,,leuB_2,
,,,,,,,,,,,,,,,,,,,,,,group_59,
,,,,,,,,,,,,,,,,,,,,,,group_9,
,,,,,,,,,,,,,,,,,,,,,,group_1595,
,,,,,,,,,,,,,,,,,,,,,,group_17,
,,,,,,,,,,,,,,,,,,,,,,group_39,
,,,,,,,,,,,,,,,,,,,,,,metZ,
,,,,,,,,,,,,,,,,,,,,,,group_1103,
,,,,,,,,,,,,,,,,,,,,,,pepE,
,,,,,,,,,,,,,,,,,,,,,,group_1599,
,,,,,,,,,,,,,,,,,,,,,,xre,
,,,,,,,,,,,,,,,,,,,,,,group_1596,
,,,,,,,,,,,,,,,,,,,,,,group_1600,
,,,,,,,,,,,,,,,,,,,,,,group_1601,
,,,,,,,,,,,,,,,,,,,,,,group_1602,
,,,,,,,,,,,,,,,,,,,,,,group_1597,
,,,,,,,,,,,,,,,,,,,,,,iphP,
,,,,,,,,,,,,,,,,,,,,,,cat,
,,,,,,,,,,,,,,,,,,,,,,metG_2,
,,,,,,,,,,,,,,,,,,,,,,group_438,
,,,,,,,,,,,,,,,,,,,,,,group_1608,
,,,,,,,,,,,,,,,,,,,,,,group_1609,
,,,,,,,,,,,,,,,,,,,,,,doc,
,,,,,,,,,,,,,,,,,,,,,,group_1610,
,,,,,,,,,,,,,,,,,,,,,,axe1-6A_2,
,,,,,,,,,,,,,,,,,,,,,,group_161,
,,,,,,,,,,,,,,,,,,,,,,group_1611,
,,,,,,,,,,,,,,,,,,,,,,xerC_3,
,,,,,,,,,,,,,,,,,,,,,,group_1105,
,,,,,,,,,,,,,,,,,,,,,,group_1106,
,,,,,,,,,,,,,,,,,,,,,,group_726,
,,,,,,,,,,,,,,,,,,,,,,group_598,
,,,,,,,,,,,,,,,,,,,,,,group_344,
,,,,,,,,,,,,,,,,,,,,,,group_1604,
,,,,,,,,,,,,,,,,,,,,,,group_404,
,,,,,,,,,,,,,,,,,,,,,,drrA_2,
,,,,,,,,,,,,,,,,,,,,,,group_1107,
,,,,,,,,,,,,,,,,,,,,,,group_1613,
,,,,,,,,,,,,,,,,,,,,,,group_1615,
,,,,,,,,,,,,,,,,,,,,,,group_1616,
,,,,,,,,,,,,,,,,,,,,,,group_1617,
,,,,,,,,,,,,,,,,,,,,,,group_62,
,,,,,,,,,,,,,,,,,,,,,,group_1614,
,,,,,,,,,,,,,,,,,,,,,,group_1618,
,,,,,,,,,,,,,,,,,,,,,,group_34,
,,,,,,,,,,,,,,,,,,,,,,group_1108,
,,,,,,,,,,,,,,,,,,,,,,group_405,
,,,,,,,,,,,,,,,,,,,,,,group_113,
,,,,,,,,,,,,,,,,,,,,,,group_728,
,,,,,,,,,,,,,,,,,,,,,,group_1620,
,,,,,,,,,,,,,,,,,,,,,,group_1109,
,,,,,,,,,,,,,,,,,,,,,,group_229,
,,,,,,,,,,,,,,,,,,,,,,group_1621,
,,,,,,,,,,,,,,,,,,,,,,group_1622,
,,,,,,,,,,,,,,,,,,,,,,group_1623,
,,,,,,,,,,,,,,,,,,,,,,group_130,
,,,,,,,,,,,,,,,,,,,,,,glf,
,,,,,,,,,,,,,,,,,,,,,,group_1627,
,,,,,,,,,,,,,,,,,,,,,,group_1625,
,,,,,,,,,,,,,,,,,,,,,,group_1628,
,,,,,,,,,,,,,,,,,,,,,,group_1626,
,,,,,,,,,,,,,,,,,,,,,,pbpX,
,,,,,,,,,,,,,,,,,,,,,,group_1630,
,,,,,,,,,,,,,,,,,,,,,,group_348,
,,,,,,,,,,,,,,,,,,,,,,group_1629,
,,,,,,,,,,,,,,,,,,,,,,group_1631,
,,,,,,,,,,,,,,,,,,,,,,group_1632,
,,,,,,,,,,,,,,,,,,,,,,group_1633,
,,,,,,,,,,,,,,,,,,,,,,group_1634,
,,,,,,,,,,,,,,,,,,,,,,group_1635,
,,,,,,,,,,,,,,,,,,,,,,group_1636,
,,,,,,,,,,,,,,,,,,,,,,group_556,
,,,,,,,,,,,,,,,,,,,,,,group_172,
,,,,,,,,,,,,,,,,,,,,,,lytA_3,
,,,,,,,,,,,,,,,,,,,,,,group_1638,
,,,,,,,,,,,,,,,,,,,,,,group_1639,
,,,,,,,,,,,,,,,,,,,,,,group_1640,
,,,,,,,,,,,,,,,,,,,,,,group_1641,
,,,,,,,,,,,,,,,,,,,,,,group_50,
,,,,,,,,,,,,,,,,,,,,,,hsdR_1,
,,,,,,,,,,,,,,,,,,,,,,group_1643,
,,,,,,,,,,,,,,,,,,,,,,group_1644,
,,,,,,,,,,,,,,,,,,,,,,group_1645,
,,,,,,,,,,,,,,,,,,,,,,group_1646,
,,,,,,,,,,,,,,,,,,,,,,group_1647,
,,,,,,,,,,,,,,,,,,,,,,group_1649,
,,,,,,,,,,,,,,,,,,,,,,group_1612,
,,,,,,,,,,,,,,,,,,,,,,group_633,
,,,,,,,,,,,,,,,,,,,,,,group_1650,
,,,,,,,,,,,,,,,,,,,,,,group_1652,
,,,,,,,,,,,,,,,,,,,,,,group_1651,
,,,,,,,,,,,,,,,,,,,,,,group_317,
,,,,,,,,,,,,,,,,,,,,,,group_1648,
,,,,,,,,,,,,,,,,,,,,,,group_1655,
,,,,,,,,,,,,,,,,,,,,,,group_1654,
,,,,,,,,,,,,,,,,,,,,,,group_1656,
,,,,,,,,,,,,,,,,,,,,,,queC,
,,,,,,,,,,,,,,,,,,,,,,group_1659,
,,,,,,,,,,,,,,,,,,,,,,group_1660,
,,,,,,,,,,,,,,,,,,,,,,group_1661,
,,,,,,,,,,,,,,,,,,,,,,group_1662,
,,,,,,,,,,,,,,,,,,,,,,group_134,
,,,,,,,,,,,,,,,,,,,,,,group_1112,
,,,,,,,,,,,,,,,,,,,,,,group_1663,
,,,,,,,,,,,,,,,,,,,,,,group_1664,
,,,,,,,,,,,,,,,,,,,,,,group_1665,
,,,,,,,,,,,,,,,,,,,,,,group_1666,
,,,,,,,,,,,,,,,,,,,,,,group_453,
,,,,,,,,,,,,,,,,,,,,,,group_1658,
,,,,,,,,,,,,,,,,,,,,,,group_1667,
,,,,,,,,,,,,,,,,,,,,,,group_1668,
,,,,,,,,,,,,,,,,,,,,,,group_1669,
,,,,,,,,,,,,,,,,,,,,,,group_1670,
,,,,,,,,,,,,,,,,,,,,,,group_1671,
,,,,,,,,,,,,,,,,,,,,,,group_1672,
,,,,,,,,,,,,,,,,,,,,,,strH_2,
,,,,,,,,,,,,,,,,,,,,,,group_618,
,,,,,,,,,,,,,,,,,,,,,,group_70,
,,,,,,,,,,,,,,,,,,,,,,group_46,
,,,,,,,,,,,,,,,,,,,,,,group_524,
,,,,,,,,,,,,,,,,,,,,,,group_1113,
,,,,,,,,,,,,,,,,,,,,,,group_1675,
,,,,,,,,,,,,,,,,,,,,,,xerD,
,,,,,,,,,,,,,,,,,,,,,,group_1676,
,,,,,,,,,,,,,,,,,,,,,,group_1114,
,,,,,,,,,,,,,,,,,,,,,,gutB,
,,,,,,,,,,,,,,,,,,,,,,group_1657,
,,,,,,,,,,,,,,,,,,,,,,group_1679,
,,,,,,,,,,,,,,,,,,,,,,group_1681,
,,,,,,,,,,,,,,,,,,,,,,group_1680,
,,,,,,,,,,,,,,,,,,,,,,group_1678,
,,,,,,,,,,,,,,,,,,,,,,group_1677,
,,,,,,,,,,,,,,,,,,,,,,group_1684,
,,,,,,,,,,,,,,,,,,,,,,group_1683,
,,,,,,,,,,,,,,,,,,,,,,group_1686,
,,,,,,,,,,,,,,,,,,,,,,group_730,
,,,,,,,,,,,,,,,,,,,,,,group_1687,
,,,,,,,,,,,,,,,,,,,,,,group_1688,
,,,,,,,,,,,,,,,,,,,,,,group_1689,
,,,,,,,,,,,,,,,,,,,,,,group_1690,
,,,,,,,,,,,,,,,,,,,,,,group_1691,
,,,,,,,,,,,,,,,,,,,,,,group_1115,
,,,,,,,,,,,,,,,,,,,,,,group_1692,
,,,,,,,,,,,,,,,,,,,,,,group_1693,
,,,,,,,,,,,,,,,,,,,,,,group_1116,
,,,,,,,,,,,,,,,,,,,,,,group_1694,
,,,,,,,,,,,,,,,,,,,,,,group_1695,
,,,,,,,,,,,,,,,,,,,,,,group_1696,
,,,,,,,,,,,,,,,,,,,,,,group_1697,
,,,,,,,,,,,,,,,,,,,,,,group_1698,
,,,,,,,,,,,,,,,,,,,,,,group_1699,
,,,,,,,,,,,,,,,,,,,,,,group_1700,
,,,,,,,,,,,,,,,,,,,,,,group_1685,
,,,,,,,,,,,,,,,,,,,,,,group_1701,
,,,,,,,,,,,,,,,,,,,,,,group_1702,
,,,,,,,,,,,,,,,,,,,,,,group_2189,
,,,,,,,,,,,,,,,,,,,,,,group_1703,
,,,,,,,,,,,,,,,,,,,,,,group_1117,
,,,,,,,,,,,,,,,,,,,,,,group_1705,
,,,,,,,,,,,,,,,,,,,,,,hhaIM,
,,,,,,,,,,,,,,,,,,,,,,group_1707,
,,,,,,,,,,,,,,,,,,,,,,group_1704,
,,,,,,,,,,,,,,,,,,,,,,group_1709,
,,,,,,,,,,,,,,,,,,,,,,group_1710,
,,,,,,,,,,,,,,,,,,,,,,group_1711,
,,,,,,,,,,,,,,,,,,,,,,group_1118,
,,,,,,,,,,,,,,,,,,,,,,group_1119,
,,,,,,,,,,,,,,,,,,,,,,group_519,
,,,,,,,,,,,,,,,,,,,,,,group_1712,
,,,,,,,,,,,,,,,,,,,,,,group_1713,
,,,,,,,,,,,,,,,,,,,,,,group_1714,
,,,,,,,,,,,,,,,,,,,,,,group_1715,
,,,,,,,,,,,,,,,,,,,,,,group_1716,
,,,,,,,,,,,,,,,,,,,,,,group_1717,
,,,,,,,,,,,,,,,,,,,,,,group_1718,
,,,,,,,,,,,,,,,,,,,,,,group_1708,
,,,,,,,,,,,,,,,,,,,,,,group_1720,
,,,,,,,,,,,,,,,,,,,,,,group_1721,
,,,,,,,,,,,,,,,,,,,,,,group_38,
,,,,,,,,,,,,,,,,,,,,,,group_1722,
,,,,,,,,,,,,,,,,,,,,,,group_1719,
,,,,,,,,,,,,,,,,,,,,,,group_1724,
,,,,,,,,,,,,,,,,,,,,,,hpaIIM,
,,,,,,,,,,,,,,,,,,,,,,group_1121,
,,,,,,,,,,,,,,,,,,,,,,group_1723,
,,,,,,,,,,,,,,,,,,,,,,group_731,
,,,,,,,,,,,,,,,,,,,,,,group_1725,
,,,,,,,,,,,,,,,,,,,,,,group_1727,
,,,,,,,,,,,,,,,,,,,,,,group_1728,
,,,,,,,,,,,,,,,,,,,,,,ftsK_1,
,,,,,,,,,,,,,,,,,,,,,,group_1729,
,,,,,,,,,,,,,,,,,,,,,,group_1122,
,,,,,,,,,,,,,,,,,,,,,,group_1726,
,,,,,,,,,,,,,,,,,,,,,,group_1731,
,,,,,,,,,,,,,,,,,,,,,,group_1732,
,,,,,,,,,,,,,,,,,,,,,,group_1733,
,,,,,,,,,,,,,,,,,,,,,,iap,
,,,,,,,,,,,,,,,,,,,,,,group_1735,
,,,,,,,,,,,,,,,,,,,,,,group_1730,
,,,,,,,,,,,,,,,,,,,,,,group_1736,
,,,,,,,,,,,,,,,,,,,,,,group_1737,
,,,,,,,,,,,,,,,,,,,,,,group_1738,
,,,,,,,,,,,,,,,,,,,,,,group_1739,
,,,,,,,,,,,,,,,,,,,,,,group_1682,
,,,,,,,,,,,,,,,,,,,,,,group_1742,
,,,,,,,,,,,,,,,,,,,,,,tetM,
,,,,,,,,,,,,,,,,,,,,,,group_1741,
,,,,,,,,,,,,,,,,,,,,,,group_1743,
,,,,,,,,,,,,,,,,,,,,,,group_1745,
,,,,,,,,,,,,,,,,,,,,,,group_1746,
,,,,,,,,,,,,,,,,,,,,,,group_1744,
,,,,,,,,,,,,,,,,,,,,,,group_1749,
,,,,,,,,,,,,,,,,,,,,,,group_1748,
,,,,,,,,,,,,,,,,,,,,,,group_1750,
,,,,,,,,,,,,,,,,,,,,,,group_1751,
,,,,,,,,,,,,,,,,,,,,,,Int-Tn_2,
,,,,,,,,,,,,,,,,,,,,,,group_1752,
,,,,,,,,,,,,,,,,,,,,,,group_1753,
,,,,,,,,,,,,,,,,,,,,,,yheS_1,
,,,,,,,,,,,,,,,,,,,,,,group_1755,
,,,,,,,,,,,,,,,,,,,,,,group_1757,
,,,,,,,,,,,,,,,,,,,,,,group_1758,
,,,,,,,,,,,,,,,,,,,,,,group_1759,
,,,,,,,,,,,,,,,,,,,,,,group_1760,
,,,,,,,,,,,,,,,,,,,,,,group_1761,
,,,,,,,,,,,,,,,,,,,,,,group_1762,
,,,,,,,,,,,,,,,,,,,,,,group_1764,
,,,,,,,,,,,,,,,,,,,,,,group_1763,
,,,,,,,,,,,,,,,,,,,,,,group_1756,
,,,,,,,,,,,,,,,,,,,,,,group_1124,
,,,,,,,,,,,,,,,,,,,,,,group_1125,
,,,,,,,,,,,,,,,,,,,,,,group_1766,
,,,,,,,,,,,,,,,,,,,,,,group_1767,
,,,,,,,,,,,,,,,,,,,,,,group_1768,
,,,,,,,,,,,,,,,,,,,,,,group_1770,
,,,,,,,,,,,,,,,,,,,,,,group_1765,
,,,,,,,,,,,,,,,,,,,,,,group_1771,
,,,,,,,,,,,,,,,,,,,,,,group_1754,
,,,,,,,,,,,,,,,,,,,,,,group_1769,
,,,,,,,,,,,,,,,,,,,,,,prtP_1,
,,,,,,,,,,,,,,,,,,,,,,group_1775,
,,,,,,,,,,,,,,,,,,,,,,group_1776,
,,,,,,,,,,,,,,,,,,,,,,group_1774,
,,,,,,,,,,,,,,,,,,,,,,ebhA,
,,,,,,,,,,,,,,,,,,,,,,group_1779,
,,,,,,,,,,,,,,,,,,,,,,ply_1,
,,,,,,,,,,,,,,,,,,,,,,group_1781,
,,,,,,,,,,,,,,,,,,,,,,group_1782,
,,,,,,,,,,,,,,,,,,,,,,group_1783,
,,,,,,,,,,,,,,,,,,,,,,group_1784,
,,,,,,,,,,,,,,,,,,,,,,group_1785,
,,,,,,,,,,,,,,,,,,,,,,group_1786,
,,,,,,,,,,,,,,,,,,,,,,group_1778,
,,,,,,,,,,,,,,,,,,,,,,spaP_1,
,,,,,,,,,,,,,,,,,,,,,,spaP_2,
,,,,,,,,,,,,,,,,,,,,,,group_1790,
,,,,,,,,,,,,,,,,,,,,,,group_1791,
,,,,,,,,,,,,,,,,,,,,,,group_1792,
,,,,,,,,,,,,,,,,,,,,,,group_1793,
,,,,,,,,,,,,,,,,,,,,,,group_1787,
,,,,,,,,,,,,,,,,,,,,,,group_1794,
,,,,,,,,,,,,,,,,,,,,,,group_1796,
,,,,,,,,,,,,,,,,,,,,,,group_1795,
,,,,,,,,,,,,,,,,,,,,,,group_1798,
,,,,,,,,,,,,,,,,,,,,,,group_1799,
,,,,,,,,,,,,,,,,,,,,,,group_1800,
,,,,,,,,,,,,,,,,,,,,,,haeIIIM,
,,,,,,,,,,,,,,,,,,,,,,group_1802,
,,,,,,,,,,,,,,,,,,,,,,group_1803,
,,,,,,,,,,,,,,,,,,,,,,group_23,
,,,,,,,,,,,,,,,,,,,,,,group_22,
,,,,,,,,,,,,,,,,,,,,,,group_375,
,,,,,,,,,,,,,,,,,,,,,,group_394,
,,,,,,,,,,,,,,,,,,,,,,group_398,
,,,,,,,,,,,,,,,,,,,,,,group_1797,
,,,,,,,,,,,,,,,,,,,,,,yadH,
,,,,,,,,,,,,,,,,,,,,,,moeZ_2,
,,,,,,,,,,,,,,,,,,,,,,group_1804,
,,,,,,,,,,,,,,,,,,,,,,group_1773,
,,,,,,,,,,,,,,,,,,,,,,group_1809,
,,,,,,,,,,,,,,,,,,,,,,sdpR,
,,,,,,,,,,,,,,,,,,,,,,group_1808,
,,,,,,,,,,,,,,,,,,,,,,group_1811,
,,,,,,,,,,,,,,,,,,,,,,group_1810,
,,,,,,,,,,,,,,,,,,,,,,group_1813,
,,,,,,,,,,,,,,,,,,,,,,group_1814,
,,,,,,,,,,,,,,,,,,,,,,immR_1,
,,,,,,,,,,,,,,,,,,,,,,group_1815,
,,,,,,,,,,,,,,,,,,,,,,group_1816,
,,,,,,,,,,,,,,,,,,,,,,group_1819,
,,,,,,,,,,,,,,,,,,,,,,patB_1,
,,,,,,,,,,,,,,,,,,,,,,group_1818,
,,,,,,,,,,,,,,,,,,,,,,group_1820,
,,,,,,,,,,,,,,,,,,,,,,group_1805,
,,,,,,,,,,,,,,,,,,,,,,group_1822,
,,,,,,,,,,,,,,,,,,,,,,group_1824,
,,,,,,,,,,,,,,,,,,,,,,pezT_1,
,,,,,,,,,,,,,,,,,,,,,,group_1827,
,,,,,,,,,,,,,,,,,,,,,,group_1823,
,,,,,,,,,,,,,,,,,,,,,,group_1828,
,,,,,,,,,,,,,,,,,,,,,,group_1829,
,,,,,,,,,,,,,,,,,,,,,,pezA_1,
,,,,,,,,,,,,,,,,,,,,,,group_1821,
,,,,,,,,,,,,,,,,,,,,,,group_1831,
,,,,,,,,,,,,,,,,,,,,,,fic_1,
,,,,,,,,,,,,,,,,,,,,,,group_1833,
,,,,,,,,,,,,,,,,,,,,,,ebh,
,,,,,,,,,,,,,,,,,,,,,,group_24,
,,,,,,,,,,,,,,,,,,,,,,group_21,
,,,,,,,,,,,,,,,,,,,,,,group_1834,
,,,,,,,,,,,,,,,,,,,,,,group_353,
,,,,,,,,,,,,,,,,,,,,,,group_1835,
,,,,,,,,,,,,,,,,,,,,,,group_13,
,,,,,,,,,,,,,,,,,,,,,,group_1837,
,,,,,,,,,,,,,,,,,,,,,,group_1838,
,,,,,,,,,,,,,,,,,,,,,,group_1839,
,,,,,,,,,,,,,,,,,,,,,,group_1840,
,,,,,,,,,,,,,,,,,,,,,,group_1836,
,,,,,,,,,,,,,,,,,,,,,,group_1841,
,,,,,,,,,,,,,,,,,,,,,,gatC_2,
,,,,,,,,,,,,,,,,,,,,,,group_313,
,,,,,,,,,,,,,,,,,,,,,,group_1842,
,,,,,,,,,,,,,,,,,,,,,,group_1843,
,,,,,,,,,,,,,,,,,,,,,,group_1845,
,,,,,,,,,,,,,,,,,,,,,,group_233,
,,,,,,,,,,,,,,,,,,,,,,group_1846,
,,,,,,,,,,,,,,,,,,,,,,group_1847,
,,,,,,,,,,,,,,,,,,,,,,dhaQ,
,,,,,,,,,,,,,,,,,,,,,,dhaK,
,,,,,,,,,,,,,,,,,,,,,,group_1844,
,,,,,,,,,,,,,,,,,,,,,,dhaS,
,,,,,,,,,,,,,,,,,,,,,,dnaG_1,
,,,,,,,,,,,,,,,,,,,,,,group_395,
,,,,,,,,,,,,,,,,,,,,,,group_1853,
,,,,,,,,,,,,,,,,,,,,,,cshE,
,,,,,,,,,,,,,,,,,,,,,,group_1855,
,,,,,,,,,,,,,,,,,,,,,,group_1852,
,,,,,,,,,,,,,,,,,,,,,,group_1858,
,,,,,,,,,,,,,,,,,,,,,,pezT_2,
,,,,,,,,,,,,,,,,,,,,,,group_1857,
,,,,,,,,,,,,,,,,,,,,,,group_1859,
,,,,,,,,,,,,,,,,,,,,,,group_1861,
,,,,,,,,,,,,,,,,,,,,,,group_1862,
,,,,,,,,,,,,,,,,,,,,,,group_1863,
,,,,,,,,,,,,,,,,,,,,,,group_71,
,,,,,,,,,,,,,,,,,,,,,,group_45,
,,,,,,,,,,,,,,,,,,,,,,group_1860,
,,,,,,,,,,,,,,,,,,,,,,group_1864,
,,,,,,,,,,,,,,,,,,,,,,group_1866,
,,,,,,,,,,,,,,,,,,,,,,hel,
,,,,,,,,,,,,,,,,,,,,,,group_1868,
,,,,,,,,,,,,,,,,,,,,,,group_1869,
,,,,,,,,,,,,,,,,,,,,,,group_1870,
,,,,,,,,,,,,,,,,,,,,,,group_1871,
,,,,,,,,,,,,,,,,,,,,,,group_1128,
,,,,,,,,,,,,,,,,,,,,,,group_1872,
,,,,,,,,,,,,,,,,,,,,,,group_368,
,,,,,,,,,,,,,,,,,,,,,,group_367,
,,,,,,,,,,,,,,,,,,,,,,xerC_4,
,,,,,,,,,,,,,,,,,,,,,,group_1874,
,,,,,,,,,,,,,,,,,,,,,,group_1867,
,,,,,,,,,,,,,,,,,,,,,,group_1876,
,,,,,,,,,,,,,,,,,,,,,,group_271,
,,,,,,,,,,,,,,,,,,,,,,group_1875,
,,,,,,,,,,,,,,,,,,,,,,group_176,
,,,,,,,,,,,,,,,,,,,,,,group_1878,
,,,,,,,,,,,,,,,,,,,,,,group_1879,
,,,,,,,,,,,,,,,,,,,,,,group_1880,
,,,,,,,,,,,,,,,,,,,,,,group_1877,
,,,,,,,,,,,,,,,,,,,,,,group_1881,
,,,,,,,,,,,,,,,,,,,,,,group_1883,
,,,,,,,,,,,,,,,,,,,,,,group_1884,
,,,,,,,,,,,,,,,,,,,,,,group_1885,
,,,,,,,,,,,,,,,,,,,,,,group_1886,
,,,,,,,,,,,,,,,,,,,,,,group_1882,
,,,,,,,,,,,,,,,,,,,,,,group_485,
,,,,,,,,,,,,,,,,,,,,,,group_1887,
,,,,,,,,,,,,,,,,,,,,,,gmuD_3,
,,,,,,,,,,,,,,,,,,,,,,group_1889,
,,,,,,,,,,,,,,,,,,,,,,group_710,
,,,,,,,,,,,,,,,,,,,,,,group_525,
,,,,,,,,,,,,,,,,,,,,,,group_1891,
,,,,,,,,,,,,,,,,,,,,,,group_1892,
,,,,,,,,,,,,,,,,,,,,,,hpaIIM_2,
,,,,,,,,,,,,,,,,,,,,,,group_1894,
,,,,,,,,,,,,,,,,,,,,,,group_1890,
,,,,,,,,,,,,,,,,,,,,,,group_1896,
,,,,,,,,,,,,,,,,,,,,,,group_1897,
,,,,,,,,,,,,,,,,,,,,,,group_1898,
,,,,,,,,,,,,,,,,,,,,,,group_1899,
,,,,,,,,,,,,,,,,,,,,,,group_1900,
,,,,,,,,,,,,,,,,,,,,,,group_1895,
,,,,,,,,,,,,,,,,,,,,,,group_1902,
,,,,,,,,,,,,,,,,,,,,,,group_1903,
,,,,,,,,,,,,,,,,,,,,,,group_1904,
,,,,,,,,,,,,,,,,,,,,,,group_1905,
,,,,,,,,,,,,,,,,,,,,,,group_1907,
,,,,,,,,,,,,,,,,,,,,,,group_1901,
,,,,,,,,,,,,,,,,,,,,,,group_153,
,,,,,,,,,,,,,,,,,,,,,,group_155,
,,,,,,,,,,,,,,,,,,,,,,group_735,
,,,,,,,,,,,,,,,,,,,,,,group_1908,
,,,,,,,,,,,,,,,,,,,,,,group_108,
,,,,,,,,,,,,,,,,,,,,,,group_1909,
,,,,,,,,,,,,,,,,,,,,,,group_297,
,,,,,,,,,,,,,,,,,,,,,,group_303,
,,,,,,,,,,,,,,,,,,,,,,maa,
,,,,,,,,,,,,,,,,,,,,,,group_1911,
,,,,,,,,,,,,,,,,,,,,,,smc_1,
,,,,,,,,,,,,,,,,,,,,,,group_137,
,,,,,,,,,,,,,,,,,,,,,,group_1912,
,,,,,,,,,,,,,,,,,,,,,,group_417,
,,,,,,,,,,,,,,,,,,,,,,group_312,
,,,,,,,,,,,,,,,,,,,,,,group_1913,
,,,,,,,,,,,,,,,,,,,,,,group_1130,
,,,,,,,,,,,,,,,,,,,,,,dhaL,
,,,,,,,,,,,,,,,,,,,,,,group_1916,
,,,,,,,,,,,,,,,,,,,,,,group_564,
,,,,,,,,,,,,,,,,,,,,,,baeS,
,,,,,,,,,,,,,,,,,,,,,,bag_1,
,,,,,,,,,,,,,,,,,,,,,,group_1918,
,,,,,,,,,,,,,,,,,,,,,,iga_5,
,,,,,,,,,,,,,,,,,,,,,,iga_6,
,,,,,,,,,,,,,,,,,,,,,,group_1914,
,,,,,,,,,,,,,,,,,,,,,,iga_7,
,,,,,,,,,,,,,,,,,,,,,,dpnB,
,,,,,,,,,,,,,,,,,,,,,,dpnA_2,
,,,,,,,,,,,,,,,,,,,,,,dpnM,
,,,,,,,,,,,,,,,,,,,,,,group_235,
,,,,,,,,,,,,,,,,,,,,,,group_1926,
,,,,,,,,,,,,,,,,,,,,,,group_1927,
,,,,,,,,,,,,,,,,,,,,,,group_1929,
,,,,,,,,,,,,,,,,,,,,,,group_1919,
,,,,,,,,,,,,,,,,,,,,,,group_1930,
,,,,,,,,,,,,,,,,,,,,,,group_1932,
,,,,,,,,,,,,,,,,,,,,,,group_1931,
,,,,,,,,,,,,,,,,,,,,,,group_1933,
,,,,,,,,,,,,,,,,,,,,,,group_384,
,,,,,,,,,,,,,,,,,,,,,,group_1935,
,,,,,,,,,,,,,,,,,,,,,,group_1934,
,,,,,,,,,,,,,,,,,,,,,,group_1937,
,,,,,,,,,,,,,,,,,,,,,,group_1936,
,,,,,,,,,,,,,,,,,,,,,,group_443,
,,,,,,,,,,,,,,,,,,,,,,group_1938,
,,,,,,,,,,,,,,,,,,,,,,group_1939,
,,,,,,,,,,,,,,,,,,,,,,group_444,
,,,,,,,,,,,,,,,,,,,,,,yxlF_1,
,,,,,,,,,,,,,,,,,,,,,,group_1940,
,,,,,,,,,,,,,,,,,,,,,,group_1943,
,,,,,,,,,,,,,,,,,,,,,,group_1944,
,,,,,,,,,,,,,,,,,,,,,,group_1945,
,,,,,,,,,,,,,,,,,,,,,,group_1942,
,,,,,,,,,,,,,,,,,,,,,,group_1131,
,,,,,,,,,,,,,,,,,,,,,,group_1132,
,,,,,,,,,,,,,,,,,,,,,,group_1133,
,,,,,,,,,,,,,,,,,,,,,,group_1946,
,,,,,,,,,,,,,,,,,,,,,,group_1947,
,,,,,,,,,,,,,,,,,,,,,,group_1948,
,,,,,,,,,,,,,,,,,,,,,,group_1949,
,,,,,,,,,,,,,,,,,,,,,,group_1134,
,,,,,,,,,,,,,,,,,,,,,,group_1950,
,,,,,,,,,,,,,,,,,,,,,,group_1952,
,,,,,,,,,,,,,,,,,,,,,,group_1951,
,,,,,,,,,,,,,,,,,,,,,,group_1954,
,,,,,,,,,,,,,,,,,,,,,,group_1955,
,,,,,,,,,,,,,,,,,,,,,,group_1953,
,,,,,,,,,,,,,,,,,,,,,,group_1956,
,,,,,,,,,,,,,,,,,,,,,,group_1957,
,,,,,,,,,,,,,,,,,,,,,,group_1958,
,,,,,,,,,,,,,,,,,,,,,,group_1959,
,,,,,,,,,,,,,,,,,,,,,,group_1960,
,,,,,,,,,,,,,,,,,,,,,,group_1961,
,,,,,,,,,,,,,,,,,,,,,,group_1962,
,,,,,,,,,,,,,,,,,,,,,,group_1906,
,,,,,,,,,,,,,,,,,,,,,,group_1964,
,,,,,,,,,,,,,,,,,,,,,,group_1965,
,,,,,,,,,,,,,,,,,,,,,,group_1966,
,,,,,,,,,,,,,,,,,,,,,,group_1967,
,,,,,,,,,,,,,,,,,,,,,,group_1963,
,,,,,,,,,,,,,,,,,,,,,,group_1969,
,,,,,,,,,,,,,,,,,,,,,,group_1971,
,,,,,,,,,,,,,,,,,,,,,,soj,
,,,,,,,,,,,,,,,,,,,,,,group_1968,
,,,,,,,,,,,,,,,,,,,,,,group_1972,
,,,,,,,,,,,,,,,,,,,,,,group_1973,
,,,,,,,,,,,,,,,,,,,,,,group_281,
,,,,,,,,,,,,,,,,,,,,,,hsdM_1,
,,,,,,,,,,,,,,,,,,,,,,group_1974,
,,,,,,,,,,,,,,,,,,,,,,xerC_5,
,,,,,,,,,,,,,,,,,,,,,,group_669,
,,,,,,,,,,,,,,,,,,,,,,group_1975,
,,,,,,,,,,,,,,,,,,,,,,group_1976,
,,,,,,,,,,,,,,,,,,,,,,group_158,
,,,,,,,,,,,,,,,,,,,,,,group_521,
,,,,,,,,,,,,,,,,,,,,,,group_1977,
,,,,,,,,,,,,,,,,,,,,,,group_100,
,,,,,,,,,,,,,,,,,,,,,,group_1135,
,,,,,,,,,,,,,,,,,,,,,,group_333,
,,,,,,,,,,,,,,,,,,,,,,uvrB_2,
,,,,,,,,,,,,,,,,,,,,,,group_1979,
,,,,,,,,,,,,,,,,,,,,,,group_1978,
,,,,,,,,,,,,,,,,,,,,,,recF_2,
,,,,,,,,,,,,,,,,,,,,,,group_1982,
,,,,,,,,,,,,,,,,,,,,,,group_1980,
,,,,,,,,,,,,,,,,,,,,,,group_1983,
,,,,,,,,,,,,,,,,,,,,,,group_1985,
,,,,,,,,,,,,,,,,,,,,,,xerD_2,
,,,,,,,,,,,,,,,,,,,,,,group_497,
,,,,,,,,,,,,,,,,,,,,,,group_1986,
,,,,,,,,,,,,,,,,,,,,,,group_40,
,,,,,,,,,,,,,,,,,,,,,,group_1988,
,,,,,,,,,,,,,,,,,,,,,,group_1136,
,,,,,,,,,,,,,,,,,,,,,,pnp_2,
,,,,,,,,,,,,,,,,,,,,,,group_1989,
,,,,,,,,,,,,,,,,,,,,,,group_1990,
,,,,,,,,,,,,,,,,,,,,,,group_1991,
,,,,,,,,,,,,,,,,,,,,,,group_1992,
,,,,,,,,,,,,,,,,,,,,,,bag_2,
,,,,,,,,,,,,,,,,,,,,,,ssp5,
,,,,,,,,,,,,,,,,,,,,,,group_1995,
,,,,,,,,,,,,,,,,,,,,,,group_1996,
,,,,,,,,,,,,,,,,,,,,,,group_1993,
,,,,,,,,,,,,,,,,,,,,,,group_1941,
,,,,,,,,,,,,,,,,,,,,,,group_1997,
,,,,,,,,,,,,,,,,,,,,,,lytA_9,
,,,,,,,,,,,,,,,,,,,,,,group_1129,
,,,,,,,,,,,,,,,,,,,,,,group_1999,
,,,,,,,,,,,,,,,,,,,,,,group_2000,
,,,,,,,,,,,,,,,,,,,,,,group_2001,
,,,,,,,,,,,,,,,,,,,,,,group_2002,
,,,,,,,,,,,,,,,,,,,,,,group_2003,
,,,,,,,,,,,,,,,,,,,,,,group_2004,
,,,,,,,,,,,,,,,,,,,,,,ecfA1_2,
,,,,,,,,,,,,,,,,,,,,,,group_125,
,,,,,,,,,,,,,,,,,,,,,,lytB_7,
,,,,,,,,,,,,,,,,,,,,,,group_2008,
,,,,,,,,,,,,,,,,,,,,,,group_428,
,,,,,,,,,,,,,,,,,,,,,,group_2009,
,,,,,,,,,,,,,,,,,,,,,,aphA4,
,,,,,,,,,,,,,,,,,,,,,,group_2011,
,,,,,,,,,,,,,,,,,,,,,,group_2012,
,,,,,,,,,,,,,,,,,,,,,,group_2013,
,,,,,,,,,,,,,,,,,,,,,,group_2014,
,,,,,,,,,,,,,,,,,,,,,,group_2015,
,,,,,,,,,,,,,,,,,,,,,,group_2016,
,,,,,,,,,,,,,,,,,,,,,,group_2017,
,,,,,,,,,,,,,,,,,,,,,,group_397,
,,,,,,,,,,,,,,,,,,,,,,ltrA_2,
,,,,,,,,,,,,,,,,,,,,,,group_2006,
,,,,,,,,,,,,,,,,,,,,,,group_396,
,,,,,,,,,,,,,,,,,,,,,,group_2007,
,,,,,,,,,,,,,,,,,,,,,,group_2019,
,,,,,,,,,,,,,,,,,,,,,,fic_2,
,,,,,,,,,,,,,,,,,,,,,,group_1127,
,,,,,,,,,,,,,,,,,,,,,,group_202,
,,,,,,,,,,,,,,,,,,,,,,group_1138,
,,,,,,,,,,,,,,,,,,,,,,group_18,
,,,,,,,,,,,,,,,,,,,,,,group_19,
,,,,,,,,,,,,,,,,,,,,,,group_2023,
,,,,,,,,,,,,,,,,,,,,,,group_2024,
,,,,,,,,,,,,,,,,,,,,,,group_2025,
,,,,,,,,,,,,,,,,,,,,,,group_2026,
,,,,,,,,,,,,,,,,,,,,,,group_2027,
,,,,,,,,,,,,,,,,,,,,,,group_2028,
,,,,,,,,,,,,,,,,,,,,,,group_2029,
,,,,,,,,,,,,,,,,,,,,,,group_2020,
,,,,,,,,,,,,,,,,,,,,,,group_2030,
,,,,,,,,,,,,,,,,,,,,,,group_2032,
,,,,,,,,,,,,,,,,,,,,,,group_144,
,,,,,,,,,,,,,,,,,,,,,,group_2031,
,,,,,,,,,,,,,,,,,,,,,,group_350,
,,,,,,,,,,,,,,,,,,,,,,group_2033,
,,,,,,,,,,,,,,,,,,,,,,group_2034,
,,,,,,,,,,,,,,,,,,,,,,modB,
,,,,,,,,,,,,,,,,,,,,,,group_2035,
,,,,,,,,,,,,,,,,,,,,,,group_2022,
,,,,,,,,,,,,,,,,,,,,,,group_2037,
,,,,,,,,,,,,,,,,,,,,,,group_2038,
,,,,,,,,,,,,,,,,,,,,,,group_2039,
,,,,,,,,,,,,,,,,,,,,,,group_2040,
,,,,,,,,,,,,,,,,,,,,,,group_1139,
,,,,,,,,,,,,,,,,,,,,,,group_2041,
,,,,,,,,,,,,,,,,,,,,,,group_2042,
,,,,,,,,,,,,,,,,,,,,,,group_2036,
,,,,,,,,,,,,,,,,,,,,,,group_2044,
,,,,,,,,,,,,,,,,,,,,,,group_2043,
,,,,,,,,,,,,,,,,,,,,,,group_469,
,,,,,,,,,,,,,,,,,,,,,,hasB,
,,,,,,,,,,,,,,,,,,,,,,malK_1,
,,,,,,,,,,,,,,,,,,,,,,group_2045,
,,,,,,,,,,,,,,,,,,,,,,group_636,
,,,,,,,,,,,,,,,,,,,,,,group_2046,
,,,,,,,,,,,,,,,,,,,,,,group_2049,
,,,,,,,,,,,,,,,,,,,,,,group_2047,
,,,,,,,,,,,,,,,,,,,,,,group_2048,
,,,,,,,,,,,,,,,,,,,,,,group_2050,
,,,,,,,,,,,,,,,,,,,,,,group_2052,
,,,,,,,,,,,,,,,,,,,,,,group_2053,
,,,,,,,,,,,,,,,,,,,,,,group_1140,
,,,,,,,,,,,,,,,,,,,,,,group_2054,
,,,,,,,,,,,,,,,,,,,,,,group_49,
,,,,,,,,,,,,,,,,,,,,,,group_2055,
,,,,,,,,,,,,,,,,,,,,,,group_1141,
,,,,,,,,,,,,,,,,,,,,,,group_2056,
,,,,,,,,,,,,,,,,,,,,,,ftsH4,
,,,,,,,,,,,,,,,,,,,,,,group_2058,
,,,,,,,,,,,,,,,,,,,,,,group_2060,
,,,,,,,,,,,,,,,,,,,,,,group_473,
,,,,,,,,,,,,,,,,,,,,,,slyA,
,,,,,,,,,,,,,,,,,,,,,,group_2051,
,,,,,,,,,,,,,,,,,,,,,,group_2062,
,,,,,,,,,,,,,,,,,,,,,,group_2061,
,,,,,,,,,,,,,,,,,,,,,,group_309,
,,,,,,,,,,,,,,,,,,,,,,group_2064,
,,,,,,,,,,,,,,,,,,,,,,ftsY,
,,,,,,,,,,,,,,,,,,,,,,group_2065,
,,,,,,,,,,,,,,,,,,,,,,group_2063,
,,,,,,,,,,,,,,,,,,,,,,group_2068,
,,,,,,,,,,,,,,,,,,,,,,group_73,
,,,,,,,,,,,,,,,,,,,,,,group_2066,
,,,,,,,,,,,,,,,,,,,,,,group_2067,
,,,,,,,,,,,,,,,,,,,,,,group_1143,
,,,,,,,,,,,,,,,,,,,,,,group_2069,
,,,,,,,,,,,,,,,,,,,,,,group_2072,
,,,,,,,,,,,,,,,,,,,,,,group_2071,
,,,,,,,,,,,,,,,,,,,,,,group_386,
,,,,,,,,,,,,,,,,,,,,,,malI,
,,,,,,,,,,,,,,,,,,,,,,yihX,
,,,,,,,,,,,,,,,,,,,,,,group_2078,
,,,,,,,,,,,,,,,,,,,,,,erm,
,,,,,,,,,,,,,,,,,,,,,,group_2077,
,,,,,,,,,,,,,,,,,,,,,,group_2079,
,,,,,,,,,,,,,,,,,,,,,,group_1144,
,,,,,,,,,,,,,,,,,,,,,,group_107,
,,,,,,,,,,,,,,,,,,,,,,group_403,
,,,,,,,,,,,,,,,,,,,,,,group_2081,
,,,,,,,,,,,,,,,,,,,,,,group_2082,
,,,,,,,,,,,,,,,,,,,,,,group_2083,
,,,,,,,,,,,,,,,,,,,,,,group_2080,
,,,,,,,,,,,,,,,,,,,,,,group_2084,
,,,,,,,,,,,,,,,,,,,,,,potA_2,
,,,,,,,,,,,,,,,,,,,,,,group_200,
,,,,,,,,,,,,,,,,,,,,,,group_2085,
,,,,,,,,,,,,,,,,,,,,,,group_2086,
,,,,,,,,,,,,,,,,,,,,,,group_2087,
,,,,,,,,,,,,,,,,,,,,,,group_2089,
,,,,,,,,,,,,,,,,,,,,,,group_2090,
,,,,,,,,,,,,,,,,,,,,,,group_2091,
,,,,,,,,,,,,,,,,,,,,,,group_2092,
,,,,,,,,,,,,,,,,,,,,,,group_2093,
,,,,,,,,,,,,,,,,,,,,,,group_2094,
,,,,,,,,,,,,,,,,,,,,,,group_2095,
,,,,,,,,,,,,,,,,,,,,,,group_2096,
,,,,,,,,,,,,,,,,,,,,,,group_2097,
,,,,,,,,,,,,,,,,,,,,,,group_2098,
,,,,,,,,,,,,,,,,,,,,,,group_2099,
,,,,,,,,,,,,,,,,,,,,,,group_2100,
,,,,,,,,,,,,,,,,,,,,,,group_2101,
,,,,,,,,,,,,,,,,,,,,,,group_2102,
,,,,,,,,,,,,,,,,,,,,,,group_2104,
,,,,,,,,,,,,,,,,,,,,,,group_2088,
,,,,,,,,,,,,,,,,,,,,,,group_20,
,,,,,,,,,,,,,,,,,,,,,,group_2103,
,,,,,,,,,,,,,,,,,,,,,,group_2105,
,,,,,,,,,,,,,,,,,,,,,,group_2108,
,,,,,,,,,,,,,,,,,,,,,,group_2107,
,,,,,,,,,,,,,,,,,,,,,,group_2110,
,,,,,,,,,,,,,,,,,,,,,,group_2111,
,,,,,,,,,,,,,,,,,,,,,,group_2109,
,,,,,,,,,,,,,,,,,,,,,,ptsN,
,,,,,,,,,,,,,,,,,,,,,,mngA,
,,,,,,,,,,,,,,,,,,,,,,manR,
,,,,,,,,,,,,,,,,,,,,,,fruA_1,
,,,,,,,,,,,,,,,,,,,,,,alsE,
,,,,,,,,,,,,,,,,,,,,,,group_2118,
,,,,,,,,,,,,,,,,,,,,,,group_2119,
,,,,,,,,,,,,,,,,,,,,,,group_98,
,,,,,,,,,,,,,,,,,,,,,,manP,
,,,,,,,,,,,,,,,,,,,,,,group_2120,
,,,,,,,,,,,,,,,,,,,,,,group_2121,
,,,,,,,,,,,,,,,,,,,,,,group_3423,
,,,,,,,,,,,,,,,,,,,,,,fic,
,,,,,,,,,,,,,,,,,,,,,,group_2123,
,,,,,,,,,,,,,,,,,,,,,,glpE_2,
,,,,,,,,,,,,,,,,,,,,,,epsH,
,,,,,,,,,,,,,,,,,,,,,,natA_5,
,,,,,,,,,,,,,,,,,,,,,,group_2124,
,,,,,,,,,,,,,,,,,,,,,,group_2126,
,,,,,,,,,,,,,,,,,,,,,,group_4,
,,,,,,,,,,,,,,,,,,,,,,group_3,
,,,,,,,,,,,,,,,,,,,,,,group_12,
,,,,,,,,,,,,,,,,,,,,,,group_2127,
,,,,,,,,,,,,,,,,,,,,,,mobA,
,,,,,,,,,,,,,,,,,,,,,,group_2128,
,,,,,,,,,,,,,,,,,,,,,,group_2129,
,,,,,,,,,,,,,,,,,,,,,,group_2125,
,,,,,,,,,,,,,,,,,,,,,,group_2131,
,,,,,,,,,,,,,,,,,,,,,,group_2132,
,,,,,,,,,,,,,,,,,,,,,,spsB_2,
,,,,,,,,,,,,,,,,,,,,,,group_2134,
,,,,,,,,,,,,,,,,,,,,,,group_2135,
,,,,,,,,,,,,,,,,,,,,,,group_2130,
,,,,,,,,,,,,,,,,,,,,,,group_2136,
,,,,,,,,,,,,,,,,,,,,,,group_78,
,,,,,,,,,,,,,,,,,,,,,,group_109,
,,,,,,,,,,,,,,,,,,,,,,group_205,
,,,,,,,,,,,,,,,,,,,,,,group_1151,
,,,,,,,,,,,,,,,,,,,,,,group_2137,
,,,,,,,,,,,,,,,,,,,,,,group_35,
,,,,,,,,,,,,,,,,,,,,,,group_2138,
,,,,,,,,,,,,,,,,,,,,,,group_2139,
,,,,,,,,,,,,,,,,,,,,,,group_2141,
,,,,,,,,,,,,,,,,,,,,,,group_2142,
,,,,,,,,,,,,,,,,,,,,,,group_2140,
,,,,,,,,,,,,,,,,,,,,,,group_2144,
,,,,,,,,,,,,,,,,,,,,,,group_2143,
,,,,,,,,,,,,,,,,,,,,,,group_723,
,,,,,,,,,,,,,,,,,,,,,,group_2145,
,,,,,,,,,,,,,,,,,,,,,,group_173,
,,,,,,,,,,,,,,,,,,,,,,group_185,
,,,,,,,,,,,,,,,,,,,,,,bbmA_2,
,,,,,,,,,,,,,,,,,,,,,,group_2146,
,,,,,,,,,,,,,,,,,,,,,,group_1170,
,,,,,,,,,,,,,,,,,,,,,,group_190,
,,,,,,,,,,,,,,,,,,,,,,group_1145,
,,,,,,,,,,,,,,,,,,,,,,group_37,
,,,,,,,,,,,,,,,,,,,,,,group_121,
,,,,,,,,,,,,,,,,,,,,,,group_28,
,,,,,,,,,,,,,,,,,,,,,,group_2147,
,,,,,,,,,,,,,,,,,,,,,,group_2148,
,,,,,,,,,,,,,,,,,,,,,,group_2149,
,,,,,,,,,,,,,,,,,,,,,,group_151,
,,,,,,,,,,,,,,,,,,,,,,group_106,
,,,,,,,,,,,,,,,,,,,,,,group_36,
,,,,,,,,,,,,,,,,,,,,,,group_336,
,,,,,,,,,,,,,,,,,,,,,,group_2151,
,,,,,,,,,,,,,,,,,,,,,,group_2154,
,,,,,,,,,,,,,,,,,,,,,,trxB_1,
,,,,,,,,,,,,,,,,,,,,,,group_2153,
,,,,,,,,,,,,,,,,,,,,,,group_2156,
,,,,,,,,,,,,,,,,,,,,,,group_2158,
,,,,,,,,,,,,,,,,,,,,,,group_2157,
,,,,,,,,,,,,,,,,,,,,,,group_2159,
,,,,,,,,,,,,,,,,,,,,,,group_2155,
,,,,,,,,,,,,,,,,,,,,,,group_2150,
,,,,,,,,,,,,,,,,,,,,,,group_2163,
,,,,,,,,,,,,,,,,,,,,,,group_2162,
,,,,,,,,,,,,,,,,,,,,,,yutF_1,
,,,,,,,,,,,,,,,,,,,,,,group_2164,
,,,,,,,,,,,,,,,,,,,,,,group_740,
,,,,,,,,,,,,,,,,,,,,,,group_101,
,,,,,,,,,,,,,,,,,,,,,,group_741,
,,,,,,,,,,,,,,,,,,,,,,group_2160,
,,,,,,,,,,,,,,,,,,,,,,group_2165,
,,,,,,,,,,,,,,,,,,,,,,group_331,
,,,,,,,,,,,,,,,,,,,,,,group_335,
,,,,,,,,,,,,,,,,,,,,,,levS,
,,,,,,,,,,,,,,,,,,,,,,group_29,
,,,,,,,,,,,,,,,,,,,,,,group_326,
,,,,,,,,,,,,,,,,,,,,,,group_420,
,,,,,,,,,,,,,,,,,,,,,,group_95,
,,,,,,,,,,,,,,,,,,,,,,group_2168,
,,,,,,,,,,,,,,,,,,,,,,lytA_8,
,,,,,,,,,,,,,,,,,,,,,,group_116,
,,,,,,,,,,,,,,,,,,,,,,group_2166,
,,,,,,,,,,,,,,,,,,,,,,group_2170,
,,,,,,,,,,,,,,,,,,,,,,group_2171,
,,,,,,,,,,,,,,,,,,,,,,group_2172,
,,,,,,,,,,,,,,,,,,,,,,group_2174,
,,,,,,,,,,,,,,,,,,,,,,group_2175,
,,,,,,,,,,,,,,,,,,,,,,group_595,
,,,,,,,,,,,,,,,,,,,,,,group_592,
,,,,,,,,,,,,,,,,,,,,,,group_2173,
,,,,,,,,,,,,,,,,,,,,,,group_503,
,,,,,,,,,,,,,,,,,,,,,,group_2695,
,,,,,,,,,,,,,,,,,,,,,,group_2176,
,,,,,,,,,,,,,,,,,,,,,,group_2177,
,,,,,,,,,,,,,,,,,,,,,,group_2178,
,,,,,,,,,,,,,,,,,,,,,,group_2179,
,,,,,,,,,,,,,,,,,,,,,,group_2180,
,,,,,,,,,,,,,,,,,,,,,,group_1146,
,,,,,,,,,,,,,,,,,,,,,,group_2182,
,,,,,,,,,,,,,,,,,,,,,,group_2183,
,,,,,,,,,,,,,,,,,,,,,,group_2184,
,,,,,,,,,,,,,,,,,,,,,,group_2185,
,,,,,,,,,,,,,,,,,,,,,,group_2186,
,,,,,,,,,,,,,,,,,,,,,,group_2187,
,,,,,,,,,,,,,,,,,,,,,,group_2188,
,,,,,,,,,,,,,,,,,,,,,,group_2190,
,,,,,,,,,,,,,,,,,,,,,,group_2191,
,,,,,,,,,,,,,,,,,,,,,,group_2192,
,,,,,,,,,,,,,,,,,,,,,,group_2193,
,,,,,,,,,,,,,,,,,,,,,,group_1147,
,,,,,,,,,,,,,,,,,,,,,,group_1148,
,,,,,,,,,,,,,,,,,,,,,,group_2195,
,,,,,,,,,,,,,,,,,,,,,,group_2194,
,,,,,,,,,,,,,,,,,,,,,,group_2181,
,,,,,,,,,,,,,,,,,,,,,,group_602,
,,,,,,,,,,,,,,,,,,,,,,group_1149,
,,,,,,,,,,,,,,,,,,,,,,dhaM_1,
,,,,,,,,,,,,,,,,,,,,,,group_142,
,,,,,,,,,,,,,,,,,,,,,,glcA,
,,,,,,,,,,,,,,,,,,,,,,group_2197,
,,,,,,,,,,,,,,,,,,,,,,group_2196,
,,,,,,,,,,,,,,,,,,,,,,group_2200,
,,,,,,,,,,,,,,,,,,,,,,group_2201,
,,,,,,,,,,,,,,,,,,,,,,gspA,
,,,,,,,,,,,,,,,,,,,,,,group_392,
,,,,,,,,,,,,,,,,,,,,,,group_67,
,,,,,,,,,,,,,,,,,,,,,,drrA,
,,,,,,,,,,,,,,,,,,,,,,group_2203,
,,,,,,,,,,,,,,,,,,,,,,group_315,
,,,,,,,,,,,,,,,,,,,,,,group_402,
,,,,,,,,,,,,,,,,,,,,,,group_2204,
,,,,,,,,,,,,,,,,,,,,,,group_291,
,,,,,,,,,,,,,,,,,,,,,,epsJ_2,
,,,,,,,,,,,,,,,,,,,,,,group_2205,
,,,,,,,,,,,,,,,,,,,,,,group_2207,
,,,,,,,,,,,,,,,,,,,,,,group_103,
,,,,,,,,,,,,,,,,,,,,,,group_104,
,,,,,,,,,,,,,,,,,,,,,,group_2208,
,,,,,,,,,,,,,,,,,,,,,,group_2209,
,,,,,,,,,,,,,,,,,,,,,,group_2211,
,,,,,,,,,,,,,,,,,,,,,,group_2210,
,,,,,,,,,,,,,,,,,,,,,,argH,
,,,,,,,,,,,,,,,,,,,,,,group_259,
,,,,,,,,,,,,,,,,,,,,,,hlyB,
,,,,,,,,,,,,,,,,,,,,,,group_2212,
,,,,,,,,,,,,,,,,,,,,,,group_2214,
,,,,,,,,,,,,,,,,,,,,,,group_140,
,,,,,,,,,,,,,,,,,,,,,,serB_1,
,,,,,,,,,,,,,,,,,,,,,,group_2213,
,,,,,,,,,,,,,,,,,,,,,,group_1152,
,,,,,,,,,,,,,,,,,,,,,,group_1153,
,,,,,,,,,,,,,,,,,,,,,,group_2217,
,,,,,,,,,,,,,,,,,,,,,,group_2219,
,,,,,,,,,,,,,,,,,,,,,,group_60,
,,,,,,,,,,,,,,,,,,,,,,group_2220,
,,,,,,,,,,,,,,,,,,,,,,group_2221,
,,,,,,,,,,,,,,,,,,,,,,group_2222,
,,,,,,,,,,,,,,,,,,,,,,group_2223,
,,,,,,,,,,,,,,,,,,,,,,group_225,
,,,,,,,,,,,,,,,,,,,,,,group_2226,
,,,,,,,,,,,,,,,,,,,,,,group_2227,
,,,,,,,,,,,,,,,,,,,,,,group_2228,
,,,,,,,,,,,,,,,,,,,,,,group_92,
,,,,,,,,,,,,,,,,,,,,,,group_2229,
,,,,,,,,,,,,,,,,,,,,,,group_2230,
,,,,,,,,,,,,,,,,,,,,,,group_86,
,,,,,,,,,,,,,,,,,,,,,,epsJ_5,
,,,,,,,,,,,,,,,,,,,,,,group_2392,
,,,,,,,,,,,,,,,,,,,,,,group_1155,
,,,,,,,,,,,,,,,,,,,,,,group_2231,
,,,,,,,,,,,,,,,,,,,,,,group_1158,
,,,,,,,,,,,,,,,,,,,,,,spxA_3,
,,,,,,,,,,,,,,,,,,,,,,group_2232,
,,,,,,,,,,,,,,,,,,,,,,epsJ_4,
,,,,,,,,,,,,,,,,,,,,,,group_1161,
,,,,,,,,,,,,,,,,,,,,,,group_2233,
,,,,,,,,,,,,,,,,,,,,,,group_2235,
,,,,,,,,,,,,,,,,,,,,,,group_2236,
,,,,,,,,,,,,,,,,,,,,,,group_2234,
,,,,,,,,,,,,,,,,,,,,,,group_2238,
,,,,,,,,,,,,,,,,,,,,,,group_2239,
,,,,,,,,,,,,,,,,,,,,,,group_2240,
,,,,,,,,,,,,,,,,,,,,,,group_2241,
,,,,,,,,,,,,,,,,,,,,,,group_2242,
,,,,,,,,,,,,,,,,,,,,,,group_2243,
,,,,,,,,,,,,,,,,,,,,,,group_2244,
,,,,,,,,,,,,,,,,,,,,,,group_2245,
,,,,,,,,,,,,,,,,,,,,,,group_2246,
,,,,,,,,,,,,,,,,,,,,,,group_2247,
,,,,,,,,,,,,,,,,,,,,,,group_2237,
,,,,,,,,,,,,,,,,,,,,,,group_2249,
,,,,,,,,,,,,,,,,,,,,,,group_2250,
,,,,,,,,,,,,,,,,,,,,,,group_2252,
,,,,,,,,,,,,,,,,,,,,,,group_2248,
,,,,,,,,,,,,,,,,,,,,,,group_2251,
,,,,,,,,,,,,,,,,,,,,,,group_2255,
,,,,,,,,,,,,,,,,,,,,,,group_742,
,,,,,,,,,,,,,,,,,,,,,,group_2254,
,,,,,,,,,,,,,,,,,,,,,,group_1162,
,,,,,,,,,,,,,,,,,,,,,,group_2257,
,,,,,,,,,,,,,,,,,,,,,,group_719,
,,,,,,,,,,,,,,,,,,,,,,group_2258,
,,,,,,,,,,,,,,,,,,,,,,group_2259,
,,,,,,,,,,,,,,,,,,,,,,group_2260,
,,,,,,,,,,,,,,,,,,,,,,group_2261,
,,,,,,,,,,,,,,,,,,,,,,group_1163,
,,,,,,,,,,,,,,,,,,,,,,dnaC_1,
,,,,,,,,,,,,,,,,,,,,,,group_2262,
,,,,,,,,,,,,,,,,,,,,,,group_2256,
,,,,,,,,,,,,,,,,,,,,,,group_2263,
,,,,,,,,,,,,,,,,,,,,,,group_2264,
,,,,,,,,,,,,,,,,,,,,,,group_2265,
,,,,,,,,,,,,,,,,,,,,,,group_2266,
,,,,,,,,,,,,,,,,,,,,,,group_2267,
,,,,,,,,,,,,,,,,,,,,,,group_2269,
,,,,,,,,,,,,,,,,,,,,,,group_1165,
,,,,,,,,,,,,,,,,,,,,,,lexA_1,
,,,,,,,,,,,,,,,,,,,,,,group_148,
,,,,,,,,,,,,,,,,,,,,,,Int-Tn,
,,,,,,,,,,,,,,,,,,,,,,group_1166,
,,,,,,,,,,,,,,,,,,,,,,group_208,
,,,,,,,,,,,,,,,,,,,,,,group_2253,
,,,,,,,,,,,,,,,,,,,,,,group_188,
,,,,,,,,,,,,,,,,,,,,,,group_501,
,,,,,,,,,,,,,,,,,,,,,,group_2271,
,,,,,,,,,,,,,,,,,,,,,,group_2272,
,,,,,,,,,,,,,,,,,,,,,,group_2273,
,,,,,,,,,,,,,,,,,,,,,,group_2275,
,,,,,,,,,,,,,,,,,,,,,,group_2276,
,,,,,,,,,,,,,,,,,,,,,,group_2277,
,,,,,,,,,,,,,,,,,,,,,,group_2278,
,,,,,,,,,,,,,,,,,,,,,,group_2274,
,,,,,,,,,,,,,,,,,,,,,,group_2280,
,,,,,,,,,,,,,,,,,,,,,,group_2281,
,,,,,,,,,,,,,,,,,,,,,,group_2282,
,,,,,,,,,,,,,,,,,,,,,,group_2283,
,,,,,,,,,,,,,,,,,,,,,,group_2284,
,,,,,,,,,,,,,,,,,,,,,,group_2285,
,,,,,,,,,,,,,,,,,,,,,,group_2286,
,,,,,,,,,,,,,,,,,,,,,,group_126,
,,,,,,,,,,,,,,,,,,,,,,group_2287,
,,,,,,,,,,,,,,,,,,,,,,group_2289,
,,,,,,,,,,,,,,,,,,,,,,group_2290,
,,,,,,,,,,,,,,,,,,,,,,group_2291,
,,,,,,,,,,,,,,,,,,,,,,group_2292,
,,,,,,,,,,,,,,,,,,,,,,group_2293,
,,,,,,,,,,,,,,,,,,,,,,group_2294,
,,,,,,,,,,,,,,,,,,,,,,group_2295,
,,,,,,,,,,,,,,,,,,,,,,group_2296,
,,,,,,,,,,,,,,,,,,,,,,group_2298,
,,,,,,,,,,,,,,,,,,,,,,group_2297,
,,,,,,,,,,,,,,,,,,,,,,group_2288,
,,,,,,,,,,,,,,,,,,,,,,group_2300,
,,,,,,,,,,,,,,,,,,,,,,group_2301,
,,,,,,,,,,,,,,,,,,,,,,group_2302,
,,,,,,,,,,,,,,,,,,,,,,group_2303,
,,,,,,,,,,,,,,,,,,,,,,lexA_2,
,,,,,,,,,,,,,,,,,,,,,,group_2305,
,,,,,,,,,,,,,,,,,,,,,,group_2299,
,,,,,,,,,,,,,,,,,,,,,,hin,
,,,,,,,,,,,,,,,,,,,,,,group_2308,
,,,,,,,,,,,,,,,,,,,,,,group_2307,
,,,,,,,,,,,,,,,,,,,,,,group_2310,
,,,,,,,,,,,,,,,,,,,,,,group_2311,
,,,,,,,,,,,,,,,,,,,,,,group_2312,
,,,,,,,,,,,,,,,,,,,,,,group_2313,
,,,,,,,,,,,,,,,,,,,,,,group_2314,
,,,,,,,,,,,,,,,,,,,,,,dnaC_3,
,,,,,,,,,,,,,,,,,,,,,,group_2316,
,,,,,,,,,,,,,,,,,,,,,,group_2309,
,,,,,,,,,,,,,,,,,,,,,,group_2318,
,,,,,,,,,,,,,,,,,,,,,,group_2317,
,,,,,,,,,,,,,,,,,,,,,,group_380,
,,,,,,,,,,,,,,,,,,,,,,group_2320,
,,,,,,,,,,,,,,,,,,,,,,group_2321,
,,,,,,,,,,,,,,,,,,,,,,group_223,
,,,,,,,,,,,,,,,,,,,,,,group_2319,
,,,,,,,,,,,,,,,,,,,,,,group_2279,
,,,,,,,,,,,,,,,,,,,,,,group_2322,
,,,,,,,,,,,,,,,,,,,,,,group_294,
,,,,,,,,,,,,,,,,,,,,,,group_2323,
,,,,,,,,,,,,,,,,,,,,,,group_2324,
,,,,,,,,,,,,,,,,,,,,,,group_1099,
,,,,,,,,,,,,,,,,,,,,,,group_74,
,,,,,,,,,,,,,,,,,,,,,,group_2325,
,,,,,,,,,,,,,,,,,,,,,,group_2326,
,,,,,,,,,,,,,,,,,,,,,,group_132,
,,,,,,,,,,,,,,,,,,,,,,group_2327,
,,,,,,,,,,,,,,,,,,,,,,group_220,
,,,,,,,,,,,,,,,,,,,,,,group_2330,
,,,,,,,,,,,,,,,,,,,,,,group_2329,
,,,,,,,,,,,,,,,,,,,,,,group_2328,
,,,,,,,,,,,,,,,,,,,,,,group_2331,
,,,,,,,,,,,,,,,,,,,,,,group_2334,
,,,,,,,,,,,,,,,,,,,,,,ybbH_2,
,,,,,,,,,,,,,,,,,,,,,,group_2336,
,,,,,,,,,,,,,,,,,,,,,,group_2337,
,,,,,,,,,,,,,,,,,,,,,,group_1159,
,,,,,,,,,,,,,,,,,,,,,,group_2333,
,,,,,,,,,,,,,,,,,,,,,,group_338,
,,,,,,,,,,,,,,,,,,,,,,araQ_5,
,,,,,,,,,,,,,,,,,,,,,,group_2338,
,,,,,,,,,,,,,,,,,,,,,,group_743,
,,,,,,,,,,,,,,,,,,,,,,ptrB,
,,,,,,,,,,,,,,,,,,,,,,group_1167,
,,,,,,,,,,,,,,,,,,,,,,group_467,
,,,,,,,,,,,,,,,,,,,,,,yidA_3,
,,,,,,,,,,,,,,,,,,,,,,group_1154,
,,,,,,,,,,,,,,,,,,,,,,group_2218,
,,,,,,,,,,,,,,,,,,,,,,group_2342,
,,,,,,,,,,,,,,,,,,,,,,ltxB,
,,,,,,,,,,,,,,,,,,,,,,group_2339,
,,,,,,,,,,,,,,,,,,,,,,group_2343,
,,,,,,,,,,,,,,,,,,,,,,group_2345,
,,,,,,,,,,,,,,,,,,,,,,gspA_2,
,,,,,,,,,,,,,,,,,,,,,,gspA_3,
,,,,,,,,,,,,,,,,,,,,,,group_319,
,,,,,,,,,,,,,,,,,,,,,,group_2344,
,,,,,,,,,,,,,,,,,,,,,,group_52,
,,,,,,,,,,,,,,,,,,,,,,group_2349,
,,,,,,,,,,,,,,,,,,,,,,epsJ_1,
,,,,,,,,,,,,,,,,,,,,,,group_2350,
,,,,,,,,,,,,,,,,,,,,,,group_1168,
,,,,,,,,,,,,,,,,,,,,,,group_2351,
,,,,,,,,,,,,,,,,,,,,,,group_2354,
,,,,,,,,,,,,,,,,,,,,,,group_2355,
,,,,,,,,,,,,,,,,,,,,,,group_2356,
,,,,,,,,,,,,,,,,,,,,,,group_2353,
,,,,,,,,,,,,,,,,,,,,,,lytB_2,
,,,,,,,,,,,,,,,,,,,,,,group_2359,
,,,,,,,,,,,,,,,,,,,,,,group_2360,
,,,,,,,,,,,,,,,,,,,,,,group_2361,
,,,,,,,,,,,,,,,,,,,,,,group_2362,
,,,,,,,,,,,,,,,,,,,,,,group_157,
,,,,,,,,,,,,,,,,,,,,,,group_2363,
,,,,,,,,,,,,,,,,,,,,,,group_2364,
,,,,,,,,,,,,,,,,,,,,,,group_1169,
,,,,,,,,,,,,,,,,,,,,,,group_2365,
,,,,,,,,,,,,,,,,,,,,,,group_2366,
,,,,,,,,,,,,,,,,,,,,,,group_2367,
,,,,,,,,,,,,,,,,,,,,,,group_2368,
,,,,,,,,,,,,,,,,,,,,,,group_2369,
,,,,,,,,,,,,,,,,,,,,,,group_2370,
,,,,,,,,,,,,,,,,,,,,,,group_2371,
,,,,,,,,,,,,,,,,,,,,,,lytB_5,
,,,,,,,,,,,,,,,,,,,,,,group_2373,
,,,,,,,,,,,,,,,,,,,,,,group_2374,
,,,,,,,,,,,,,,,,,,,,,,grpE_2,
,,,,,,,,,,,,,,,,,,,,,,group_2357,
,,,,,,,,,,,,,,,,,,,,,,dnaK_2,
,,,,,,,,,,,,,,,,,,,,,,dnaJ_2,
,,,,,,,,,,,,,,,,,,,,,,group_2348,
,,,,,,,,,,,,,,,,,,,,,,group_2380,
,,,,,,,,,,,,,,,,,,,,,,group_2379,
,,,,,,,,,,,,,,,,,,,,,,group_2382,
,,,,,,,,,,,,,,,,,,,,,,group_2381,
,,,,,,,,,,,,,,,,,,,,,,group_267,
,,,,,,,,,,,,,,,,,,,,,,group_2378,
,,,,,,,,,,,,,,,,,,,,,,group_221,
,,,,,,,,,,,,,,,,,,,,,,group_2385,
,,,,,,,,,,,,,,,,,,,,,,group_2386,
,,,,,,,,,,,,,,,,,,,,,,group_2383,
,,,,,,,,,,,,,,,,,,,,,,group_2388,
,,,,,,,,,,,,,,,,,,,,,,group_2389,
,,,,,,,,,,,,,,,,,,,,,,group_2391,
,,,,,,,,,,,,,,,,,,,,,,group_2387,
,,,,,,,,,,,,,,,,,,,,,,group_2390,
,,,,,,,,,,,,,,,,,,,,,,group_2384,
,,,,,,,,,,,,,,,,,,,,,,group_2393,
,,,,,,,,,,,,,,,,,,,,,,rpiR,
,,,,,,,,,,,,,,,,,,,,,,nanE_2,
,,,,,,,,,,,,,,,,,,,,,,spxA_4,
,,,,,,,,,,,,,,,,,,,,,,group_2397,
,,,,,,,,,,,,,,,,,,,,,,nanB_2,
,,,,,,,,,,,,,,,,,,,,,,group_1160,
,,,,,,,,,,,,,,,,,,,,,,group_2400,
,,,,,,,,,,,,,,,,,,,,,,iolX_2,
,,,,,,,,,,,,,,,,,,,,,,group_2401,
,,,,,,,,,,,,,,,,,,,,,,nanA_3,
,,,,,,,,,,,,,,,,,,,,,,group_2402,
,,,,,,,,,,,,,,,,,,,,,,ntpC,
,,,,,,,,,,,,,,,,,,,,,,ntpG,
,,,,,,,,,,,,,,,,,,,,,,ntpA,
,,,,,,,,,,,,,,,,,,,,,,ntpB,
,,,,,,,,,,,,,,,,,,,,,,ntpD,
,,,,,,,,,,,,,,,,,,,,,,group_2410,
,,,,,,,,,,,,,,,,,,,,,,lacE_1,
,,,,,,,,,,,,,,,,,,,,,,atpE_1,
,,,,,,,,,,,,,,,,,,,,,,group_2411,
,,,,,,,,,,,,,,,,,,,,,,group_2413,
,,,,,,,,,,,,,,,,,,,,,,group_2414,
,,,,,,,,,,,,,,,,,,,,,,group_2416,
,,,,,,,,,,,,,,,,,,,,,,group_351,
,,,,,,,,,,,,,,,,,,,,,,group_2417,
,,,,,,,,,,,,,,,,,,,,,,group_2418,
,,,,,,,,,,,,,,,,,,,,,,group_2419,
,,,,,,,,,,,,,,,,,,,,,,group_662,
,,,,,,,,,,,,,,,,,,,,,,iga_3,
,,,,,,,,,,,,,,,,,,,,,,iga_4,
,,,,,,,,,,,,,,,,,,,,,,group_2422,
,,,,,,,,,,,,,,,,,,,,,,group_7,
,,,,,,,,,,,,,,,,,,,,,,group_2423,
,,,,,,,,,,,,,,,,,,,,,,group_2415,
,,,,,,,,,,,,,,,,,,,,,,group_2426,
,,,,,,,,,,,,,,,,,,,,,,group_2424,
,,,,,,,,,,,,,,,,,,,,,,yknY_3,
,,,,,,,,,,,,,,,,,,,,,,lytB_10,
,,,,,,,,,,,,,,,,,,,,,,group_156,
,,,,,,,,,,,,,,,,,,,,,,group_361,
,,,,,,,,,,,,,,,,,,,,,,group_64,
,,,,,,,,,,,,,,,,,,,,,,group_42,
,,,,,,,,,,,,,,,,,,,,,,toxA_1,
,,,,,,,,,,,,,,,,,,,,,,rfbX,
,,,,,,,,,,,,,,,,,,,,,,group_2430,
,,,,,,,,,,,,,,,,,,,,,,group_203,
,,,,,,,,,,,,,,,,,,,,,,group_2431,
,,,,,,,,,,,,,,,,,,,,,,group_2433,
,,,,,,,,,,,,,,,,,,,,,,group_2435,
,,,,,,,,,,,,,,,,,,,,,,ntpK,
,,,,,,,,,,,,,,,,,,,,,,group_2436,
,,,,,,,,,,,,,,,,,,,,,,group_2432,
,,,,,,,,,,,,,,,,,,,,,,group_2437,
,,,,,,,,,,,,,,,,,,,,,,epsD,
,,,,,,,,,,,,,,,,,,,,,,group_2440,
,,,,,,,,,,,,,,,,,,,,,,group_2438,
,,,,,,,,,,,,,,,,,,,,,,group_2439,
,,,,,,,,,,,,,,,,,,,,,,panM,
,,,,,,,,,,,,,,,,,,,,,,toxA_2,
,,,,,,,,,,,,,,,,,,,,,,group_2443,
,,,,,,,,,,,,,,,,,,,,,,group_2444,
,,,,,,,,,,,,,,,,,,,,,,group_2445,
,,,,,,,,,,,,,,,,,,,,,,group_2446,
,,,,,,,,,,,,,,,,,,,,,,group_733,
,,,,,,,,,,,,,,,,,,,,,,group_91,
,,,,,,,,,,,,,,,,,,,,,,group_2447,
,,,,,,,,,,,,,,,,,,,,,,group_181,
,,,,,,,,,,,,,,,,,,,,,,group_90,
,,,,,,,,,,,,,,,,,,,,,,group_182,
,,,,,,,,,,,,,,,,,,,,,,group_2448,
,,,,,,,,,,,,,,,,,,,,,,group_2450,
,,,,,,,,,,,,,,,,,,,,,,group_440,
,,,,,,,,,,,,,,,,,,,,,,iga_1,
,,,,,,,,,,,,,,,,,,,,,,group_214,
,,,,,,,,,,,,,,,,,,,,,,group_2452,
,,,,,,,,,,,,,,,,,,,,,,group_2449,
,,,,,,,,,,,,,,,,,,,,,,group_2454,
,,,,,,,,,,,,,,,,,,,,,,agaSK_2,
,,,,,,,,,,,,,,,,,,,,,,group_2456,
,,,,,,,,,,,,,,,,,,,,,,group_2457,
,,,,,,,,,,,,,,,,,,,,,,group_2453,
,,,,,,,,,,,,,,,,,,,,,,group_538,
,,,,,,,,,,,,,,,,,,,,,,group_2461,
,,,,,,,,,,,,,,,,,,,,,,sugB,
,,,,,,,,,,,,,,,,,,,,,,araP,
,,,,,,,,,,,,,,,,,,,,,,msmE_2,
,,,,,,,,,,,,,,,,,,,,,,group_2462,
,,,,,,,,,,,,,,,,,,,,,,group_2465,
,,,,,,,,,,,,,,,,,,,,,,group_2466,
,,,,,,,,,,,,,,,,,,,,,,group_72,
,,,,,,,,,,,,,,,,,,,,,,group_2464,
,,,,,,,,,,,,,,,,,,,,,,group_2469,
,,,,,,,,,,,,,,,,,,,,,,group_2467,
,,,,,,,,,,,,,,,,,,,,,,group_2468,
,,,,,,,,,,,,,,,,,,,,,,group_2463,
,,,,,,,,,,,,,,,,,,,,,,group_2472,
,,,,,,,,,,,,,,,,,,,,,,group_2473,
,,,,,,,,,,,,,,,,,,,,,,group_2474,
,,,,,,,,,,,,,,,,,,,,,,bspRIM,
,,,,,,,,,,,,,,,,,,,,,,group_2476,
,,,,,,,,,,,,,,,,,,,,,,group_10,
,,,,,,,,,,,,,,,,,,,,,,group_160,
,,,,,,,,,,,,,,,,,,,,,,group_2477,
,,,,,,,,,,,,,,,,,,,,,,ubiG,
,,,,,,,,,,,,,,,,,,,,,,group_526,
,,,,,,,,,,,,,,,,,,,,,,group_2478,
,,,,,,,,,,,,,,,,,,,,,,group_2479,
,,,,,,,,,,,,,,,,,,,,,,group_2480,
,,,,,,,,,,,,,,,,,,,,,,group_2481,
,,,,,,,,,,,,,,,,,,,,,,group_105,
,,,,,,,,,,,,,,,,,,,,,,group_2471,
,,,,,,,,,,,,,,,,,,,,,,group_2483,
,,,,,,,,,,,,,,,,,,,,,,group_58,
,,,,,,,,,,,,,,,,,,,,,,glxK_2,
,,,,,,,,,,,,,,,,,,,,,,group_2484,
,,,,,,,,,,,,,,,,,,,,,,group_2485,
,,,,,,,,,,,,,,,,,,,,,,group_2486,
,,,,,,,,,,,,,,,,,,,,,,group_11,
,,,,,,,,,,,,,,,,,,,,,,group_2482,
,,,,,,,,,,,,,,,,,,,,,,group_2470,
